time,left_gate_raw,right_gate_raw
61054,445,345
61064,443,343
61074,445,345
61084,444,342
61094,443,345
61104,443,342
61114,444,345
61124,444,343
61134,443,345
61144,444,343
61154,445,344
61164,445,342
61174,446,344
61184,446,343
61194,446,344
61204,445,343
61214,445,344
61224,446,343
61234,446,345
61244,446,342
61254,445,345
61264,446,343
61274,446,345
61284,446,343
61294,446,345
61304,446,343
61314,446,345
61324,445,343
61334,444,345
61344,444,343
61354,444,345
61364,443,343
61374,445,345
61384,442,344
61394,444,344
61404,444,343
61414,443,344
61424,443,342
61434,442,345
61444,442,343
61454,445,344
61464,445,343
61474,446,344
61484,445,343
61494,445,344
61504,445,343
61514,446,344
61524,445,343
61534,446,344
61544,445,343
61554,446,344
61564,446,343
61574,446,345
61584,446,343
61594,446,345
61604,446,343
61614,446,345
61624,445,343
61634,443,345
61644,444,343
61654,444,345
61664,443,343
61674,445,344
61684,445,343
61694,444,345
61704,444,343
61714,443,344
61724,442,342
61734,444,344
61744,443,342
61754,443,345
61764,443,343
61774,446,344
61784,445,343
61794,445,344
61804,446,343
61814,446,344
61824,445,343
61834,446,344
61844,446,343
61854,446,345
61864,446,343
61874,445,345
61884,446,343
61894,445,345
61904,445,342
61914,445,345
61924,446,342
61934,445,345
61944,446,342
61954,443,345
61964,444,342
61974,443,345
61984,446,343
61994,442,345
62004,445,342
62014,442,345
62024,446,341
62034,443,345
62044,445,343
62054,443,345
62064,443,341
62074,443,345
62084,444,342
62094,445,344
62104,443,341
62114,445,345
62124,445,342
62134,446,345
62144,446,342
62154,446,345
62164,446,342
62174,445,345
62184,446,342
62194,446,346
62204,445,342
62214,446,346
62224,446,342
62234,446,345
62244,445,342
62254,445,346
62264,445,342
62274,444,345
62284,443,342
62294,443,345
62304,445,342
62319,448,343
62324,439,342
62334,443,345
62344,444,342
62354,443,345
62364,443,341
62374,444,345
62384,445,342
62394,445,345
62404,443,341
62414,445,345
62424,444,342
62434,446,345
62444,446,342
62454,446,345
62464,446,342
62474,446,345
62484,445,342
62494,446,345
62504,446,342
62514,446,345
62524,446,342
62534,446,345
62544,446,342
62554,446,345
62564,445,342
62574,443,345
62584,444,342
62594,444,345
62604,444,342
62614,446,345
62624,445,342
62634,444,345
62644,442,342
62654,444,345
62664,442,343
62674,443,345
62684,442,342
62694,445,345
62704,444,341
62714,446,345
62724,445,341
62734,447,345
62744,445,342
62754,446,345
62764,445,342
62774,446,345
62784,445,342
62794,447,345
62804,445,342
62814,446,345
62824,444,342
62834,447,345
62844,444,342
62854,447,345
62864,445,342
62874,447,345
62884,442,342
62894,446,345
62904,444,342
62914,444,345
62924,443,342
62934,446,345
62944,444,342
62954,446,345
62964,442,342
62974,447,345
62984,443,341
62994,445,345
63004,441,342
63014,447,345
63024,444,342
63034,447,345
63044,444,342
63054,447,345
63064,444,342
63074,445,345
63084,444,342
63094,447,345
63104,444,342
63114,447,345
63124,444,342
63134,447,345
63144,444,342
63154,445,345
63164,444,342
63174,445,346
63184,442,342
63194,446,345
63204,441,342
63214,445,345
63224,444,342
63234,446,345
63244,443,341
63254,445,345
63264,441,342
63274,445,345
63284,442,342
63294,447,345
63304,443,342
63314,447,345
63324,443,342
63334,447,345
63344,444,342
63354,447,345
63364,444,342
63374,447,346
63384,443,341
63394,448,345
63404,444,341
63414,447,345
63424,443,342
63434,448,345
63444,444,342
63454,447,345
63464,444,342
63474,447,346
63484,444,342
63494,448,345
63504,442,343
63514,447,345
63524,444,342
63534,445,345
63544,444,342
63554,445,345
63564,441,342
63574,447,345
63584,441,342
63594,444,345
63604,441,342
63614,447,345
63624,443,342
63634,447,346
63644,444,342
63654,448,346
63664,444,342
63674,447,345
63684,444,342
63694,447,346
63704,443,342
63714,447,346
63724,443,342
63734,447,346
63744,441,342
63754,448,346
63764,443,342
63774,447,346
63784,443,342
63794,445,346
63804,442,342
63814,448,346
63824,440,342
63834,447,346
63844,441,342
63854,444,346
63864,441,342
63874,445,346
63884,443,342
63894,446,346
63904,444,342
63914,446,346
63924,444,342
63934,448,346
63944,444,342
63954,447,346
63964,444,342
63974,447,346
63984,444,342
63994,447,346
64004,443,342
64014,447,346
64024,443,342
64034,447,346
64044,444,342
64054,448,346
64064,441,342
64074,447,346
64084,443,342
64094,445,346
64104,441,342
64114,446,346
64124,441,342
64134,444,346
64144,441,342
64154,445,345
64164,442,342
64174,445,346
64184,442,342
64194,447,345
64204,442,342
64214,446,346
64224,443,342
64234,447,346
64244,444,342
64254,447,346
64264,444,342
64274,447,346
64284,444,342
64294,447,345
64304,444,342
64314,448,346
64329,441,345
64334,443,345
64344,443,342
64354,447,346
64364,442,342
64374,447,346
64384,442,342
64394,448,346
64404,443,342
64414,444,346
64424,442,342
64434,447,346
64444,441,342
64454,444,346
64464,441,342
64474,446,346
64484,443,342
64494,444,345
64504,442,342
64514,446,345
64524,444,342
64534,447,345
64544,444,342
64554,447,345
64564,444,342
64574,447,345
64584,444,342
64594,447,345
64604,444,342
64614,448,345
64624,444,342
64634,448,345
64644,444,342
64654,447,345
64664,444,342
64674,448,345
64684,443,342
64694,446,345
64704,444,342
64714,445,345
64724,441,342
64734,446,345
64744,443,342
64754,446,345
64764,443,342
64774,447,345
64784,441,342
64794,446,345
64804,440,342
64814,445,345
64824,441,342
64834,447,345
64844,443,342
64854,448,345
64864,443,342
64874,448,345
64884,443,342
64894,448,345
64904,442,342
64914,448,346
64924,443,342
64934,448,346
64944,443,342
64954,448,346
64964,441,342
64974,449,345
64984,440,342
64994,449,345
65004,440,342
65014,446,345
65024,440,342
65034,446,346
65044,441,342
65054,448,345
65064,440,342
65074,446,346
65084,442,342
65094,448,346
65104,442,342
65114,447,345
65124,443,342
65134,449,346
65144,442,342
65154,449,345
65164,442,342
65174,449,345
65184,442,342
65194,449,345
65204,443,342
65214,449,346
65224,442,342
65234,448,345
65244,442,342
65254,448,345
65264,442,342
65274,448,345
65284,443,342
65294,446,345
65304,441,342
65314,447,345
65324,440,342
65334,447,345
65344,442,342
65354,448,345
65364,442,342
65374,448,345
65384,440,342
65394,446,345
65404,440,342
65414,446,345
65424,440,342
65434,448,345
65444,443,342
65454,448,345
65464,442,342
65474,448,345
65484,442,342
65494,448,346
65504,443,342
65514,448,345
65524,442,342
65534,448,345
65544,443,342
65554,448,345
65564,442,341
65574,448,345
65584,443,341
65594,449,345
65604,443,342
65614,448,345
65624,443,342
65634,446,345
65644,443,342
65654,447,345
65664,440,342
65674,448,345
65684,440,342
65694,448,346
65704,440,342
65714,445,345
65724,440,342
65734,447,345
65744,441,342
65754,446,346
65764,443,342
65774,448,346
65784,443,342
65794,448,346
65804,443,342
65814,448,345
65824,442,342
65834,448,346
65844,443,342
65854,449,346
65864,443,341
65874,448,345
65884,442,341
65894,448,345
65904,443,342
65914,449,345
65924,440,342
65934,446,345
65944,441,342
65954,448,346
65964,440,342
65974,447,345
65984,441,342
65994,448,346
66004,440,342
66014,447,346
66024,442,342
66034,448,346
66044,442,342
66054,445,346
66064,443,342
66074,446,346
66084,443,342
66094,449,346
66104,443,342
66114,448,345
66124,443,342
66134,449,345
66144,443,342
66154,449,345
66164,443,342
66174,449,346
66184,443,342
66194,449,346
66204,441,342
66214,449,346
66224,442,343
66234,449,345
66244,441,343
66254,449,346
66264,441,343
66274,448,346
66284,440,343
66294,448,346
66304,441,343
66314,449,346
66324,442,343
66339,449,343
66344,438,343
66354,446,346
66364,443,343
66374,448,346
66384,443,343
66394,449,346
66404,443,343
66414,449,346
66424,443,342
66434,449,346
66444,443,342
66454,449,346
66464,443,343
66474,449,346
66484,443,342
66494,449,345
66504,443,342
66514,449,345
66524,443,343
66534,449,345
66544,444,343
66554,449,346
66564,440,343
66574,447,346
66584,440,343
66594,447,346
66604,442,343
66614,447,346
66624,440,343
66634,449,346
66644,443,343
66654,447,346
66664,441,343
66674,446,346
66684,443,343
66694,448,347
66704,443,344
66714,449,346
66724,443,343
66734,449,346
66744,443,343
66754,449,347
66764,443,343
66774,450,348
66784,443,343
66794,449,347
66804,443,343
66814,450,347
66824,440,344
66834,450,347
66844,442,345
66854,450,348
66864,441,345
66874,447,348
66884,441,345
66894,447,348
66904,441,345
66914,447,348
66924,440,345
66934,448,348
66944,442,345
66954,447,348
66964,443,345
66974,449,348
66984,443,345
66994,448,348
67004,443,344
67014,449,348
67024,443,344
67034,450,348
67044,443,345
67054,450,348
67064,443,344
67074,450,347
67084,443,344
67094,450,348
67104,443,345
67114,450,348
67124,442,344
67134,450,348
67144,441,345
67154,450,348
67164,442,345
67174,448,348
67184,441,345
67194,448,348
67204,441,345
67214,447,348
67224,440,346
67234,450,351
67244,446,349
67254,456,353
67264,447,349
67274,453,353
67284,447,350
67294,454,353
67304,448,350
67314,453,353
67324,450,350
67334,456,353
67344,450,350
67354,456,353
67364,450,350
67374,456,353
67384,450,350
67394,456,353
67404,450,351
67414,456,354
67424,450,350
67434,456,354
67444,450,352
67454,456,355
67464,449,352
67474,456,355
67484,450,351
67494,454,355
67504,449,352
67514,454,355
67524,448,352
67534,454,355
67544,448,353
67554,453,356
67564,446,353
67574,454,356
67584,449,355
67594,455,358
67604,448,356
67614,452,360
67624,448,358
67634,455,360
67644,448,359
67654,455,361
67664,448,360
67674,455,363
67684,448,361
67694,454,365
67704,448,363
67714,454,366
67724,447,365
67734,454,367
67744,445,366
67754,454,368
67764,447,366
67774,454,368
67784,447,366
67794,451,369
67804,446,367
67814,454,370
67824,446,367
67834,451,369
67844,443,367
67854,451,369
67864,444,367
67874,451,369
67884,445,367
67894,451,370
67904,446,368
67914,453,369
67924,446,368
67934,453,369
67944,446,368
67954,454,369
67964,447,368
67974,454,369
67984,447,368
67994,455,368
68004,447,368
68014,455,369
68024,447,368
68034,454,369
68044,447,368
68054,455,369
68064,445,368
68074,455,369
68084,445,368
68094,453,369
68104,447,368
68114,452,368
68124,445,367
68134,454,367
68144,445,367
68154,454,367
68164,445,366
68174,456,367
68184,448,365
68194,455,366
68204,449,365
68214,454,365
68224,448,365
68234,454,365
68244,449,364
68254,454,365
68264,450,364
68274,458,364
68284,451,363
68294,458,363
68304,452,362
68314,460,362
68324,453,361
68334,461,361
68349,459,361
68354,458,359
68364,459,359
68374,467,358
68384,461,357
68394,468,357
68404,462,355
68414,470,355
68424,464,354
68434,472,354
68444,466,354
68454,474,354
68464,466,353
68474,476,353
68484,470,353
68494,478,353
68504,470,352
68514,479,352
68524,474,351
68534,481,352
68544,473,351
68554,479,351
68564,475,351
68574,482,351
68584,474,351
68594,482,351
68604,472,350
68614,479,351
68624,473,350
68634,479,350
68644,475,349
68654,482,348
68664,475,347
68674,482,348
68684,475,346
68694,482,347
68704,474,346
68714,481,347
68724,474,346
68734,480,347
68744,473,347
68754,479,347
68764,472,347
68774,479,347
68784,472,347
68794,479,347
68804,470,347
68814,477,347
68824,467,347
68834,475,347
68844,467,347
68854,477,347
68864,467,347
68874,473,347
68884,467,347
68894,472,348
68904,467,347
68914,471,348
68924,466,347
68934,470,347
68944,465,347
68954,473,347
68964,465,347
68974,472,347
68984,464,346
68994,472,347
69004,464,347
69014,472,347
69024,464,347
69034,471,347
69044,461,347
69054,471,348
69064,462,347
69074,471,348
69084,460,347
69094,471,348
69104,463,347
69114,471,348
69124,460,347
69134,470,348
69144,460,347
69154,468,348
69164,462,347
69174,468,348
69184,462,347
69194,468,348
69204,462,348
69214,470,347
69224,462,347
69234,470,347
69244,462,347
69254,470,348
69264,462,347
69274,470,347
69284,462,347
69294,469,347
69304,462,347
69314,469,347
69324,461,346
69334,468,347
69344,462,347
69354,468,348
69364,461,347
69374,468,347
69384,461,347
69394,466,348
69404,459,347
69414,468,348
69424,462,347
69434,467,348
69444,460,347
69454,467,348
69464,461,347
69474,467,348
69484,460,348
69494,466,348
69504,461,348
69514,467,347
69524,463,347
69534,466,347
69544,463,347
69554,465,347
69564,463,347
69574,465,347
69584,463,347
69594,469,347
69604,463,347
69614,469,347
69624,463,347
69634,470,347
69644,464,347
69654,470,347
69664,463,347
69674,469,347
69684,461,347
69694,470,347
69704,462,347
69714,467,347
69724,463,347
69734,470,347
69744,461,347
69754,469,347
69764,461,347
69774,468,347
69784,461,348
69794,467,348
69804,462,348
69814,466,349
69824,462,347
69834,466,347
69844,463,347
69854,468,348
69864,462,347
69874,469,347
69884,462,347
69894,467,347
69904,462,347
69914,467,347
69924,461,347
69934,467,347
69944,461,347
69954,467,348
69964,461,347
69974,466,348
69984,461,348
69994,465,348
70004,459,348
70014,464,348
70024,460,348
70034,466,348
70044,457,347
70054,465,348
70064,458,348
70074,465,348
70084,457,348
70094,464,348
70104,460,348
70114,465,347
70124,460,347
70134,465,347
70144,460,346
70154,466,348
70164,460,347
70174,465,347
70184,460,347
70194,467,347
70204,460,347
70214,467,347
70224,460,347
70234,467,347
70244,460,347
70254,467,347
70264,457,348
70274,467,347
70284,458,347
70294,467,348
70304,458,347
70314,464,348
70324,460,348
70334,467,348
70344,460,347
70359,460,346
70364,454,347
70374,466,348
70384,457,348
70394,464,348
70404,459,347
70414,464,348
70424,460,347
70434,466,347
70444,460,347
70454,464,347
70464,460,347
70474,467,347
70484,460,347
70494,467,347
70504,460,347
70514,467,347
70524,460,347
70534,467,347
70544,459,347
70554,467,347
70564,458,347
70574,468,348
70584,457,347
70594,468,347
70604,457,347
70614,467,348
70624,458,347
70634,464,348
70644,458,347
70654,465,347
70664,458,348
70674,465,348
70684,457,347
70694,466,347
70704,457,347
70714,465,348
70724,459,347
70734,464,347
70744,460,347
70754,464,347
70764,459,347
70774,466,348
70784,459,347
70794,467,347
70804,459,347
70814,466,347
70824,459,347
70834,467,347
70844,459,347
70854,466,347
70864,459,348
70874,466,347
70884,458,348
70894,467,347
70904,458,348
70914,466,347
70924,459,347
70934,465,347
70944,456,347
70954,466,347
70964,457,347
70974,465,347
70984,457,348
70994,463,347
71004,457,347
71014,464,347
71024,458,348
71034,464,347
71044,459,347
71054,464,348
71064,459,348
71074,466,347
71084,459,347
71094,466,347
71104,460,347
71114,466,347
71124,459,347
71134,466,347
71144,458,347
71154,466,347
71164,459,347
71174,466,347
71184,456,347
71194,463,347
71204,459,348
71214,464,347
71224,456,348
71234,464,347
71244,458,348
71254,465,347
71264,456,348
71274,463,347
71284,457,348
71294,463,347
71304,459,348
71314,465,347
71324,459,348
71334,465,347
71344,459,348
71354,465,347
71364,458,348
71374,465,346
71384,459,348
71394,465,347
71404,458,348
71414,464,347
71424,458,348
71434,464,347
71444,458,348
71454,464,347
71464,457,348
71474,464,346
71484,456,348
71494,463,347
71504,455,348
71514,464,347
71524,454,348
71534,462,347
71544,455,348
71554,464,347
71564,456,348
71574,461,347
71584,454,348
71594,462,347
71604,456,348
71614,463,346
71624,460,348
71634,467,346
71644,462,347
71654,468,346
71664,465,347
71674,472,345
71684,468,346
71694,477,345
71704,473,345
71714,478,344
71724,474,346
71734,478,344
71744,475,346
71754,482,344
71764,475,346
71774,483,345
71784,475,347
71794,483,345
71804,476,346
71814,482,345
71824,475,347
71834,482,345
71844,475,347
71854,482,345
71864,472,347
71874,480,345
71884,475,347
71894,481,345
71904,472,348
71914,478,346
71924,474,348
71934,478,346
71944,471,348
71954,478,347
71964,473,349
71974,477,348
71984,473,350
71994,476,349
72004,472,352
72014,475,351
72024,471,355
72034,476,355
72044,469,358
72054,474,357
72064,467,361
72074,473,359
72084,466,362
72094,472,361
72104,466,363
72114,471,361
72124,465,364
72134,471,361
72144,462,364
72154,470,362
72164,464,364
72174,468,363
72184,463,365
72194,469,363
72204,462,365
72214,470,363
72224,461,365
72234,468,363
72244,461,365
72254,467,362
72264,462,365
72274,469,362
72284,462,364
72294,469,362
72304,462,364
72314,468,361
72324,463,363
72334,469,360
72344,463,362
72354,469,360
72369,467,363
72374,464,360
72384,463,361
72394,469,358
72404,463,361
72414,469,358
72424,461,360
72434,469,357
72444,462,359
72454,467,357
72464,463,358
72474,468,357
72484,462,359
72494,469,356
72504,461,358
72514,467,356
72524,460,357
72534,467,355
72544,463,357
72554,470,355
72564,463,356
72574,468,354
72584,463,356
72594,470,354
72604,463,357
72614,470,354
72624,463,355
72634,470,354
72644,463,355
72654,469,354
72664,463,355
72674,470,352
72684,462,354
72694,469,352
72704,462,354
72714,468,352
72724,460,353
72734,468,351
72744,461,353
72754,467,351
72764,461,353
72774,464,351
72784,459,353
72794,468,351
72804,458,353
72814,465,350
72824,458,351
72834,465,349
72844,460,351
72854,467,349
72864,461,351
72874,467,349
72884,461,351
72894,467,349
72904,460,350
72914,467,349
72924,460,350
72934,467,349
72944,460,351
72954,466,349
72964,460,350
72974,466,348
72984,459,350
72994,466,348
73004,460,350
73014,466,348
73024,459,350
73034,462,348
73044,458,351
73054,463,349
73064,456,351
73074,465,349
73084,458,350
73094,461,348
73104,456,350
73114,463,349
73124,454,351
73134,461,349
73144,456,351
73154,463,348
73164,458,350
73174,462,348
73184,457,351
73194,461,348
73204,457,350
73214,463,348
73224,457,350
73234,463,347
73244,457,351
73254,463,347
73264,457,349
73274,463,347
73284,458,350
73294,463,347
73304,457,350
73314,463,348
73324,455,350
73334,463,348
73344,456,350
73354,463,348
73364,455,350
73374,460,348
73384,455,350
73394,460,348
73404,456,350
73414,460,348
73424,454,351
73434,461,348
73444,454,351
73454,461,348
73464,454,350
73474,460,348
73484,456,350
73494,461,349
73504,457,350
73514,462,347
73524,456,350
73534,462,347
73544,457,350
73554,464,349
73564,459,351
73574,463,348
73584,456,351
73594,463,348
73604,456,351
73614,463,348
73624,458,351
73634,462,349
73644,458,351
73654,463,348
73664,455,351
73674,463,348
73684,457,351
73694,459,348
73704,455,351
73714,458,348
73724,450,351
73734,456,348
73744,450,351
73754,457,348
73764,452,351
73774,456,348
73784,451,350
73794,456,346
73804,451,349
73814,457,346
73824,448,349
73834,456,346
73844,451,349
73854,456,345
73864,451,348
73874,456,345
73884,451,348
73894,456,345
73904,448,348
73914,456,345
73924,451,349
73934,454,345
73944,448,349
73954,453,345
73964,449,349
73974,455,345
73984,450,349
73994,452,345
74004,450,349
74014,452,345
74024,447,349
74034,454,346
74044,450,348
74054,453,345
74064,450,348
74074,455,345
74084,450,348
74094,455,345
74104,451,349
74114,455,346
74124,451,348
74134,455,346
74144,448,349
74154,455,346
74164,450,349
74174,455,346
74184,450,349
74194,452,346
74204,448,350
74214,456,347
74224,450,350
74234,455,347
74244,449,350
74254,452,347
74264,449,350
74274,452,347
74284,447,350
74294,453,347
74304,447,350
74314,451,347
74324,447,350
74334,451,345
74344,449,349
74354,450,345
74364,449,347
74379,448,344
74384,444,346
74394,452,343
74404,449,346
74414,453,344
74424,449,347
74434,452,343
74444,449,346
74454,452,343
74464,449,346
74474,452,342
74484,449,346
74494,452,343
74504,449,346
74514,451,343
74524,449,346
74534,452,342
74544,445,345
74554,449,342
74564,446,345
74574,451,342
74584,447,345
74594,448,342
74604,446,345
74614,450,342
74624,448,345
74634,452,342
74644,446,345
74654,449,342
74664,449,345
74674,449,342
74684,450,345
74694,451,343
74704,449,344
74714,452,341
74724,450,345
74734,451,341
74744,449,344
74754,451,341
74764,447,344
74774,448,341
74784,449,344
74794,451,341
74804,450,344
74814,451,341
74824,447,344
74834,448,342
74844,448,345
74854,449,342
74864,449,344
74874,449,342
74884,448,344
74894,449,342
74904,450,345
74914,450,342
74924,448,345
74934,451,342
74944,447,345
74954,449,342
74964,448,345
74974,450,341
74984,450,345
74994,450,341
75004,450,344
75014,450,341
75024,450,344
75034,450,341
75044,450,344
75054,450,341
75064,450,344
75074,450,341
75084,450,345
75094,450,341
75104,448,344
75114,450,341
75124,450,344
75134,448,342
75144,448,345
75154,447,342
75164,449,344
75174,448,342
75184,448,344
75194,448,341
75204,448,344
75214,447,341
75224,450,345
75234,447,341
75244,447,344
75254,447,341
75264,448,345
75274,450,342
75284,449,345
75294,449,341
75304,450,345
75314,449,341
75324,450,345
75334,450,342
75344,450,345
75354,450,341
75364,450,345
75374,450,341
75384,449,345
75394,448,342
75404,450,345
75414,450,341
75424,446,345
75434,450,342
75444,449,344
75454,449,342
75464,448,345
75474,447,342
75484,449,345
75494,448,342
75504,447,346
75514,447,342
75524,447,346
75534,447,345
75544,454,348
75554,452,345
75564,452,348
75574,454,345
75584,451,348
75594,454,345
75604,452,349
75614,455,346
75624,454,349
75634,454,347
75644,454,349
75654,455,346
75664,453,350
75674,456,346
75684,455,350
75694,455,347
75704,455,351
75714,456,348
75724,455,351
75734,456,348
75744,455,352
75754,457,349
75764,455,352
75774,453,350
75784,453,354
75794,459,351
75804,456,355
75814,459,352
75824,458,356
75834,456,355
75844,458,359
75854,456,356
75864,455,360
75874,456,357
75884,458,362
75894,458,359
75904,457,362
75914,457,359
75924,458,363
75934,458,360
75944,458,364
75954,459,361
75964,458,365
75974,459,362
75984,458,366
75994,459,363
76004,458,367
76014,458,364
76024,458,369
76034,459,365
76044,457,370
76054,458,366
76064,455,370
76074,457,367
76084,454,371
76094,455,368
76104,457,371
76114,457,367
76124,457,372
76134,457,367
76144,454,371
76154,457,368
76164,456,372
76174,455,367
76184,457,372
76194,455,368
76204,458,372
76214,458,368
76224,458,372
76234,458,368
76244,458,372
76254,458,369
76264,458,373
76274,458,369
76284,458,373
76294,458,369
76304,456,373
76314,459,368
76324,456,372
76334,459,368
76344,459,372
76354,457,367
76364,459,372
76374,459,367
76389,463,369
76394,454,366
76404,458,370
76414,460,365
76424,458,368
76434,462,364
76444,460,367
76454,462,364
76464,462,367
76474,463,363
76484,460,367
76494,463,362
76504,461,366
76514,464,360
76524,463,363
76534,465,358
76544,465,360
76554,468,355
76564,470,359
76574,472,355
76584,472,358
76594,472,353
76604,473,356
76614,474,352
76624,474,354
76634,476,349
76644,477,353
76654,478,349
76664,479,353
76674,479,348
76684,479,352
76694,480,348
76704,480,352
76714,482,348
76724,480,352
76734,482,348
76744,480,352
76754,483,347
76764,483,351
76774,484,347
76784,483,351
76794,482,347
76804,483,351
76814,484,347
76824,483,351
76834,483,347
76844,483,350
76854,483,346
76864,482,350
76874,483,346
76884,482,350
76894,483,346
76904,482,350
76914,482,346
76924,481,350
76934,482,346
76944,481,349
76954,481,346
76964,479,349
76974,481,346
76984,478,350
76994,480,346
77004,479,350
77014,479,346
77024,478,350
77034,477,346
77044,477,350
77054,479,346
77064,476,350
77074,478,346
77084,478,350
77094,478,346
77104,478,350
77114,478,346
77124,477,350
77134,477,346
77144,476,350
77154,476,346
77164,475,350
77174,475,346
77184,474,350
77194,473,346
77204,471,350
77214,469,346
77224,469,350
77234,469,347
77244,467,350
77254,468,346
77264,466,351
77274,465,347
77284,465,351
77294,464,347
77304,464,351
77314,464,347
77324,464,351
77334,466,347
77344,465,351
77354,465,347
77364,464,351
77374,464,347
77384,464,351
77394,464,347
77404,463,351
77414,464,348
77424,464,351
77434,464,347
77444,463,351
77454,464,347
77464,461,350
77474,461,347
77484,462,351
77494,463,347
77504,462,351
77514,463,347
77524,460,350
77534,459,347
77544,460,350
77554,460,346
77564,459,351
77574,460,347
77584,462,350
77594,462,347
77604,463,351
77614,463,347
77624,462,351
77634,463,347
77644,463,351
77654,463,347
77664,463,351
77674,463,347
77684,463,351
77694,463,347
77704,462,351
77714,463,347
77724,462,351
77734,463,347
77744,462,351
77754,463,346
77764,462,352
77774,463,347
77784,462,350
77794,462,347
77804,460,351
77814,462,346
77824,460,350
77834,459,346
77844,461,350
77854,461,346
77864,461,350
77874,460,347
77884,461,350
77894,461,347
77904,462,350
77914,462,347
77924,462,351
77934,463,347
77944,461,351
77954,462,347
77964,462,351
77974,462,347
77984,462,351
77994,463,347
78004,462,351
78014,463,347
78024,463,351
78034,463,347
78044,462,350
78054,463,346
78064,461,350
78074,461,346
78084,459,350
78094,461,345
78104,461,350
78114,462,345
78124,459,350
78134,460,346
78144,460,349
78154,460,345
78164,462,349
78174,460,346
78184,460,349
78194,461,346
78204,463,350
78214,463,346
78224,463,350
78234,463,346
78244,463,350
78254,463,346
78264,463,350
78274,463,346
78284,464,350
78294,463,346
78304,463,350
78314,463,346
78324,463,350
78334,464,346
78344,464,350
78354,463,346
78364,464,350
78374,461,346
78384,462,350
78399,461,348
78404,457,349
78414,460,346
78424,462,349
78434,462,346
78444,462,349
78454,460,346
78464,460,349
78474,460,346
78484,460,349
78494,462,346
78504,463,349
78514,461,346
78524,463,349
78534,463,346
78544,463,350
78554,463,346
78564,463,349
78574,462,346
78584,463,350
78594,463,346
78604,463,349
78614,462,346
78624,463,350
78634,462,346
78644,463,350
78654,462,346
78664,461,350
78674,462,347
78684,463,350
78694,460,346
78704,463,349
78714,462,346
78724,460,349
78734,460,347
78744,461,350
78754,462,346
78764,461,349
78774,460,346
78784,462,348
78794,461,345
78804,463,349
78814,464,346
78824,467,348
78834,466,346
78844,469,348
78854,469,345
78864,471,348
78874,475,345
78884,476,348
78894,478,345
78904,479,347
78914,479,345
78924,480,348
78934,479,345
78944,482,347
78954,480,344
78964,482,347
78974,480,344
78984,483,348
78994,481,345
79004,483,347
79014,481,345
79024,484,347
79034,481,346
79044,483,347
79054,481,345
79064,484,347
79074,478,344
79084,484,348
79094,478,345
79104,482,349
79114,479,346
79124,480,349
79134,477,347
79144,479,349
79154,476,348
79164,479,351
79174,476,349
79184,476,353
79194,475,351
79204,477,354
79214,474,352
79224,477,355
79234,473,353
79244,476,357
79254,472,355
79264,475,358
79274,472,356
79284,475,359
79294,471,357
79304,474,361
79314,467,359
79324,470,362
79334,467,360
79344,469,365
79354,467,361
79364,471,366
79374,468,362
79384,470,366
79394,464,362
79404,467,366
79414,463,363
79424,466,366
79434,465,365
79444,468,368
79454,464,364
79464,466,369
79474,463,365
79484,466,369
79494,462,366
79504,463,370
79514,459,366
79524,463,371
79534,458,367
79544,461,371
79554,456,367
79564,459,371
79574,452,367
79584,457,371
79594,455,367
79604,458,371
79614,453,367
79624,457,371
79634,453,366
79644,457,370
79654,453,366
79664,459,369
79674,453,365
79684,459,368
79694,456,363
79704,457,367
79714,456,363
79724,459,366
79734,456,362
79744,459,366
79754,456,360
79764,459,364
79774,456,359
79784,460,363
79794,456,360
79804,460,363
79814,453,359
79824,457,363
79834,453,359
79844,455,363
79854,455,358
79864,458,362
79874,454,358
79884,457,363
79894,452,358
79904,455,362
79914,451,358
79924,455,362
79934,453,357
79944,457,361
79954,453,356
79964,454,360
79974,452,356
79984,455,359
79994,452,354
80004,454,359
80014,448,353
80024,455,357
80034,449,352
80044,453,357
80054,446,351
80064,448,355
80074,447,350
80084,450,354
80094,447,350
80104,451,354
80114,448,349
80124,450,353
80134,445,349
80144,450,353
80154,445,349
80164,449,353
80174,444,348
80184,448,352
80194,445,347
80204,450,351
80214,447,347
80224,450,350
80234,447,346
80244,450,350
80254,447,345
80264,450,349
80274,447,345
80284,450,348
80294,447,344
80304,450,347
80314,447,343
80324,450,346
80334,446,343
80344,450,346
80354,447,343
80364,450,346
80374,447,343
80384,450,346
80394,446,342
80409,450,343
80414,443,342
80424,450,346
80434,446,342
80444,450,345
80454,447,342
80464,450,345
80474,447,341
80484,448,345
80494,445,342
80504,448,345
80514,445,341
80524,448,345
80534,445,342
80544,448,345
80554,445,342
80564,448,345
80574,445,342
80584,448,345
80594,444,342
80604,448,345
80614,445,342
80624,448,346
80634,445,342
80644,448,345
80654,445,342
80664,448,345
80674,445,342
80684,448,345
80694,445,342
80704,448,345
80714,445,342
80724,448,345
80734,445,342
80744,449,345
80754,444,342
80764,448,345
80774,444,342
80784,447,346
80794,444,342
80804,448,345
80814,444,342
80824,447,345
80834,444,342
80844,447,345
80854,444,341
80864,448,344
80874,444,341
80884,448,345
80894,444,341
80904,447,345
80914,444,342
80924,448,345
80934,444,342
80944,448,345
80954,443,342
80964,448,345
80974,444,342
80984,447,345
80994,443,342
81004,448,345
81014,444,342
81024,448,345
81034,444,342
81044,448,345
81054,443,342
81064,448,345
81074,443,341
81084,448,344
81094,443,341
81104,448,344
81114,443,341
81124,448,344
81134,443,341
81144,448,344
81154,443,341
81164,448,344
81174,443,341
81184,448,344
81194,443,341
81204,448,344
81214,443,341
81224,448,344
81234,443,341
81244,448,344
81254,443,341
81264,448,344
81274,443,341
81284,448,345
81294,443,341
81304,448,345
81314,443,341
81324,448,345
81334,443,341
81344,448,345
81354,443,341
81364,448,345
81374,443,341
81384,448,344
81394,443,341
81404,448,344
81414,443,341
81424,448,344
81434,443,341
81444,448,344
81454,443,341
81464,448,344
81474,443,341
81484,448,344
81494,443,341
81504,448,344
81514,443,341
81524,448,344
81534,443,341
81544,448,344
81554,443,341
81564,448,344
81574,443,341
81584,448,344
81594,443,341
81604,448,344
81614,443,341
81624,448,344
81634,442,341
81644,447,344
81654,443,341
81664,448,344
81674,443,341
81684,447,345
81694,443,341
81704,448,344
81714,442,341
81724,448,343
81734,443,341
81744,448,343
81754,443,341
81764,448,343
81774,443,341
81784,448,343
81794,443,341
81804,447,343
81814,443,341
81824,448,344
81834,443,341
81844,448,344
81854,443,341
81864,448,344
81874,443,341
81884,448,344
81894,443,341
81904,448,344
81914,443,341
81924,448,344
81934,443,341
81944,448,344
81954,443,341
81964,447,344
81974,443,341
81984,448,344
81994,443,341
82004,448,344
82014,443,341
82024,447,343
82034,443,341
82044,447,343
82054,443,340
82064,447,344
82074,442,341
82084,447,343
82094,443,341
82104,447,343
82114,443,341
82124,447,343
82134,442,340
82144,445,343
82154,440,340
82164,445,344
82174,442,341
82184,445,344
82194,442,341
82204,445,344
82214,443,341
82224,447,343
82234,443,341
82244,448,343
82254,444,341
82264,447,343
82274,443,341
82284,448,343
82294,444,341
82304,448,343
82314,444,342
82324,447,343
82334,443,341
82344,447,343
82354,444,341
82364,447,342
82374,441,341
82384,445,343
82394,442,340
82404,445,343
82419,443,343
82424,442,343
82434,442,341
82444,445,343
82454,440,341
82464,445,344
82474,440,341
82484,445,344
82494,441,340
82504,446,343
82514,443,341
82524,445,344
82534,443,341
82544,448,343
82554,443,341
82564,448,344
82574,443,341
82584,448,343
82594,443,341
82604,448,343
82614,443,341
82624,447,343
82634,444,341
82644,448,343
82654,443,341
82664,447,343
82674,444,341
82684,445,344
82694,441,340
82704,445,342
82714,443,340
82724,447,342
82734,441,340
82744,445,343
82754,442,341
82764,447,343
82774,441,341
82784,447,343
82794,442,341
82804,445,343
82814,444,341
82824,447,343
82834,443,341
82844,447,343
82854,443,341
82864,447,343
82874,444,341
82884,447,343
82894,444,341
82904,447,343
82914,444,341
82924,448,343
82934,444,341
82944,447,343
82954,441,340
82964,447,343
82974,442,341
82984,448,343
82994,442,341
83004,446,342
83014,444,341
83024,447,342
83034,442,341
83044,445,343
83054,441,341
83064,445,343
83074,442,341
83084,444,343
83094,442,341
83104,446,343
83114,441,341
83124,447,343
83134,444,341
83144,447,343
83154,444,341
83164,447,343
83174,444,341
83184,447,343
83194,444,341
83204,447,343
83214,444,341
83224,447,343
83234,444,341
83244,447,342
83254,443,341
83264,447,343
83274,442,341
83284,446,342
83294,444,342
83304,445,343
83314,444,341
83324,447,342
83334,441,341
83344,445,342
83354,442,341
83364,444,343
83374,441,341
83384,446,343
83394,441,341
83404,447,343
83414,444,341
83424,447,343
83434,444,341
83444,447,343
83454,444,341
83464,447,343
83474,444,341
83484,447,343
83494,444,341
83504,448,342
83514,444,341
83524,447,342
83534,444,341
83544,447,341
83554,444,341
83564,447,342
83574,441,341
83584,447,342
83594,442,340
83604,443,342
83614,443,341
83624,447,342
83634,441,341
83644,447,342
83654,442,341
83664,445,342
83674,441,341
83684,445,343
83694,442,341
83704,447,343
83714,442,341
83724,448,343
83734,444,341
83744,447,343
83754,444,341
83764,447,342
83774,444,341
83784,447,343
83794,444,341
83804,447,343
83814,444,340
83824,447,342
83834,444,341
83844,447,342
83854,444,341
83864,448,343
83874,444,341
83884,447,343
83894,443,340
83904,447,342
83914,444,341
83924,447,342
83934,442,341
83944,448,342
83954,442,341
83964,446,343
83974,443,341
83984,446,343
83994,444,341
84004,446,343
84014,442,341
84024,444,343
84034,441,341
84044,444,343
84054,443,341
84064,447,343
84074,442,341
84084,445,343
84094,444,341
84104,447,343
84114,445,342
84124,447,342
84134,444,341
84144,447,342
84154,444,341
84164,447,342
