mean,std_dev,min_val,max_val,energy,skewness,kurtosis,enter_label,leave_label
-0.02625,0.054734206245576754,-0.1875,0.03125,1.10546875,-1.6036512526315079,1.7366019571592437,0.0,0.0
-0.0621875,0.0675310981604031,-0.21875,0.03125,2.5283203125,-0.5658250763842183,-1.0311964008788364,0.0,0.0
-0.0271875,0.059180877841439064,-0.125,0.09375,1.2724609375,0.3546987046853421,-1.0729526382719636,0.0,0.0
-0.06875,0.08443285053816435,-0.28125,0.09375,3.556640625,-0.38390725120659325,-0.33366860574216606,0.0,0.0
-0.029583333333333333,0.0730017360904672,-0.28125,0.09375,1.861328125,-1.2080090405953812,1.9821846172824058,0.0,0.0
-0.022708333333333334,0.06058489509678868,-0.125,0.15625,1.255859375,0.5092481457727481,-0.34090335337773947,0.0,0.0
0.1175,0.12751021200933935,-0.1875,0.375,9.01953125,-0.039727715044513806,-0.4544719487737794,0.0,0.0
0.12697916666666667,0.13949542474327092,-0.1875,0.46875,10.6748046875,0.3421952968408805,0.25398778792258314,0.0,0.0
0.17177083333333334,0.37254839532286116,-0.40625,1.34375,50.4892578125,1.724876633867408,2.7470865210934505,0.0,0.0
-0.12375,0.9887082534381245,-2.0,1.46875,297.857421875,-0.31744722669995185,-0.8404019524364363,1.0,0.0
0.006458333333333333,0.07228566257487642,-0.125,0.1875,1.580078125,0.23919487658009364,-0.5055845518527136,0.0,0.0
-0.02802083333333333,0.08100517333873739,-0.28125,0.0625,2.2041015625,-1.4893421903589084,2.1186093161952364,0.0,0.0
-0.013854166666666667,0.0939933762256977,-0.28125,0.15625,2.7080078125,-1.0173881542226868,0.9294473870669857,0.0,0.0
-0.13572916666666668,0.5204403830164465,-1.78125,1.6875,86.7841796875,-0.9846994764470294,3.277312215390551,0.0,0.0
0.06760416666666667,0.6869149894207959,-1.78125,1.71875,142.9267578125,-0.26495053776620014,1.1605167050510152,0.0,1.0
0.025625,0.06011815622865802,-0.125,0.125,1.28125,-0.5555875457210792,-0.6312358126207189,0.0,0.0
-0.011145833333333334,0.07570924772425243,-0.21875,0.125,1.7568359375,-0.9726489888165298,0.3906126505047647,0.0,0.0
-0.0759375,0.1159978504200976,-0.375,0.125,5.7666015625,-0.6729217977790127,-0.02996327169340951,0.0,0.0
-0.035729166666666666,0.08714281013163902,-0.1875,0.125,2.6611328125,-0.031204941129076475,-1.2104646923822535,0.0,0.0
0.019270833333333334,0.059700769322001954,-0.1875,0.125,1.1806640625,-1.3696375474936702,2.7981556700748396,0.0,0.0
0.2841666666666667,0.44728414642024694,-0.09375,1.28125,84.244140625,1.2844317999103885,-0.024959282460475407,0.0,0.0
-0.0996875,1.7293406382112086,-2.28125,3.09375,900.1669921875,0.20487898477562147,-1.3840026894938904,1.0,0.0
-1.2754166666666666,0.7518673512587768,-2.15625,0.09375,657.59765625,0.7670293253487402,-0.8911181822450462,0.0,0.0
0.027604166666666666,0.08273712502642867,-0.3125,0.15625,2.2822265625,-1.4419894892499994,2.053746053983775,0.0,0.0
-0.025520833333333333,0.08563710123327908,-0.21875,0.15625,2.3955078125,-0.0706126295917722,-0.6024260887794899,0.0,0.0
-0.004791666666666666,0.1119044809077019,-0.21875,0.28125,3.763671875,0.35734500670339386,-0.258819939514471,0.0,0.0
0.021041666666666667,0.058906779580584406,-0.125,0.125,1.173828125,-0.410507700993867,-0.5684218671829591,0.0,0.0
0.011875,0.06220450981775089,-0.09375,0.1875,1.203125,1.0888893908555197,0.5286937141277992,0.0,0.0
-0.025729166666666668,0.05715808290147791,-0.125,0.125,1.1787109375,0.3559485215526044,-0.20069398357904022,0.0,0.0
0.0209375,0.1004276338236477,-0.125,0.34375,3.1572265625,1.310942699121196,1.6902066547852552,0.0,0.0
-0.06875,0.28642234622435914,-1.34375,0.34375,26.029296875,-2.548517926593841,7.387533243730944,0.0,0.0
0.199375,0.6535576716773611,-1.34375,1.65625,140.06640625,-0.08067553983403385,-0.24637613433678673,0.0,1.0
0.3280208333333333,0.4164856247310811,-0.28125,1.1875,84.3173828125,0.5182802201170604,-0.42969355831523615,0.0,0.0
-0.244375,1.3512825215790367,-2.1875,2.1875,565.705078125,0.15732224087521957,-1.3638061619262272,1.0,0.0
-0.12447916666666667,0.20056006109801344,-0.90625,0.15625,16.7158203125,-1.584259451807053,3.255454421199591,0.0,0.0
-0.04041666666666666,0.11968092707510061,-0.375,0.15625,4.787109375,-0.9666785769855113,0.6598475133484554,0.0,0.0
-0.0027083333333333334,0.13585362195106254,-0.375,0.25,5.5390625,-0.9585158305663578,0.7030103044837759,0.0,0.0
-0.015,0.42065363325028665,-0.9375,1.125,53.15234375,0.3569450696101929,0.8030681702645834,0.0,0.0
0.03208333333333333,0.8104938909222094,-2.1875,1.875,197.37890625,-0.6311545832683935,1.2497478390379886,1.0,0.0
0.025833333333333333,0.05367323329390752,-0.09375,0.15625,1.064453125,-0.14884484593334682,0.09856417380741389,0.0,0.0
-0.0084375,0.06361326226044901,-0.21875,0.09375,1.2353515625,-1.41714877069734,1.2076481137318975,0.0,0.0
-0.05427083333333333,0.06525682103023578,-0.21875,0.0625,2.1611328125,-0.21302933545174502,-0.30879206808962323,0.0,0.0
-0.014375,0.06669563172852228,-0.21875,0.09375,1.396484375,-0.6950094831677875,0.0356942067928423,0.0,0.0
0.02625,0.07860933203719093,-0.15625,0.125,2.060546875,-0.9548410985884094,0.01630890182798428,0.0,0.0
0.017291666666666667,0.05084400502736013,-0.09375,0.125,0.865234375,-0.3413936574076456,-0.6238099761841567,0.0,0.0
-0.036041666666666666,0.08844259162806622,-0.28125,0.09375,2.736328125,-0.9742428317916968,0.04185824591224119,0.0,0.0
0.2811458333333333,0.49752969402938374,-0.3125,1.71875,97.9736328125,1.4514885250236647,0.8582605512346513,1.0,0.0
-0.1196875,0.8601498968505916,-1.6875,1.71875,226.2548828125,-0.07059249689013893,-0.3083938771976338,1.0,0.0
-0.20739583333333333,1.268099942081711,-2.90625,1.9375,495.3271484375,-0.5169761332109105,-0.5989628318720643,1.0,0.0
-0.425,0.8893869318712375,-2.90625,0.125,291.490234375,-1.7586548056847588,1.387196642679605,0.0,0.0
-0.10322916666666666,0.27157788282732487,-1.25,0.125,25.3232421875,-2.5063410143835556,6.012248284980007,0.0,0.0
-0.29489583333333336,0.6659545268692442,-1.90625,0.8125,159.1376953125,-0.27490213659667656,-0.9927626504092073,1.0,0.0
-0.6885416666666667,1.7748731493209748,-3.84375,2.03125,1087.279296875,-0.6138154659812299,-0.9281267333613639,0.0,0.0
0.017916666666666668,0.08583586161324933,-0.125,0.25,2.306640625,0.5041757935037012,-0.15740541381541595,0.0,0.0
-0.05385416666666667,0.0496746139824514,-0.15625,0.09375,1.6103515625,0.572195843745741,0.0657225627550364,0.0,0.0
-0.0109375,0.06364191204505094,-0.125,0.125,1.2509765625,-0.053542541687624276,-0.9831459796437931,0.0,0.0
0.04052083333333333,0.08989643684617811,-0.125,0.21875,2.9169921875,-0.1375513896015241,-1.1964127586492508,0.0,0.0
0.10708333333333334,0.10952945443527458,-0.125,0.375,7.0390625,-0.0031428665247240604,-0.3146830903181983,0.0,0.0
-0.004791666666666666,0.13039087204972935,-0.21875,0.28125,5.107421875,0.418745766149307,-1.0454306831433406,0.0,0.0
-0.11479166666666667,0.08318972000126511,-0.25,0.0625,6.029296875,0.19755631022178288,-0.7464298043857123,0.0,0.0
-0.015729166666666666,0.0951800080950418,-0.21875,0.1875,2.7919921875,0.13703790656408685,-0.9143875099424661,0.0,0.0
0.0115625,1.4548432157975248,-2.5625,2.0625,635.0107421875,-0.3381080293138853,-1.141694927726419,1.0,1.0
-0.9720833333333333,0.9286502208253057,-2.65625,0.09375,542.201171875,-0.5755402261062232,-1.2859632040786366,0.0,0.0
-0.16041666666666668,0.331597040430433,-0.90625,0.1875,40.70703125,-0.9752331235995232,-0.6152838170461354,0.0,0.0
-0.0021875,0.06859665663925126,-0.15625,0.1875,1.4130859375,0.19686412475253715,0.2641464768107298,0.0,0.0
0.0075,0.08751339183233615,-0.28125,0.09375,2.314453125,-1.5927612854229254,1.4688295564620386,0.0,0.0
-0.0059375,0.06884865081285181,-0.1875,0.1875,1.4326171875,0.4884635703319369,0.8966858741540475,0.0,0.0
0.011875,0.08118346634834789,-0.1875,0.1875,2.01953125,0.36681664343849585,-0.04291595283164762,0.0,0.0
-0.13135416666666666,0.49868510916974335,-1.9375,1.0625,79.7822265625,-1.8235615962436063,4.358019968827172,0.0,1.0
-0.08885416666666666,0.5175740834485811,-1.9375,1.0625,82.7333984375,-1.7803329705177797,4.007040244614739,0.0,1.0
0.017395833333333333,0.05466626571880403,-0.1875,0.125,0.9873046875,-1.301337751831554,2.3795393012996096,0.0,0.0
-0.006666666666666667,0.06875820658090365,-0.1875,0.15625,1.431640625,-0.16948144373853433,-0.23246504579919547,0.0,0.0
-0.0103125,0.061616938705332205,-0.125,0.15625,1.1708984375,0.14021286895631296,-0.8522069677163611,0.0,0.0
-0.04479166666666667,0.0812032450945705,-0.34375,0.0625,2.580078125,-1.6068959126338747,2.93052537414843,0.0,0.0
0.009166666666666667,0.11382590568739417,-0.34375,0.15625,3.912109375,-1.1945562830133403,0.7504036239649601,0.0,0.0
-0.019583333333333335,0.10323836361654626,-0.25,0.15625,3.3125,-0.5453329473508972,-0.5432921538907087,0.0,0.0
-0.043645833333333335,0.08104534856674722,-0.25,0.09375,2.5419921875,-0.6518365682849074,0.31722893212776215,0.0,0.0
-0.030208333333333334,0.0790912469697009,-0.21875,0.15625,2.150390625,-0.2903574108454705,-0.18283258199696384,0.0,0.0
-0.017395833333333333,0.055610855723550554,-0.1875,0.0625,1.0185546875,-1.2236164841384858,0.9705101145971042,0.0,0.0
-0.00020833333333333335,0.06291494202934272,-0.125,0.125,1.1875,-0.35606114011748335,-0.6569227344050375,0.0,0.0
-0.11572916666666666,0.12900607456358618,-0.46875,0.09375,9.0107421875,-0.857349645402378,0.5527358867689451,0.0,0.0
0.0321875,0.11960669596117936,-0.1875,0.34375,4.6025390625,0.20031959523280904,-0.7001304464013134,0.0,0.0
0.07635416666666667,0.14236237719626707,-0.25,0.375,7.8291015625,-0.06479389380912293,-0.7963136070893375,0.0,0.0
-0.0071875,0.12338975870015848,-0.34375,0.25,4.5830078125,-0.1783742771329844,-0.6886924735355047,0.0,0.0
0.59625,0.7042931962258332,-0.0625,2.03125,255.462890625,0.8935087171093407,-0.9100423138446789,1.0,0.0
0.021354166666666667,1.2191491289109408,-2.25,2.03125,446.0341796875,-0.13844497103502523,-0.6505690870362923,1.0,0.0
-0.03364583333333333,0.12397019376032377,-0.34375,0.28125,4.9501953125,-0.16684925239434126,-0.22469098139727706,0.0,0.0
-0.06354166666666666,0.18701035603380067,-0.5,0.53125,11.703125,0.5587545773911515,0.5638881772947713,0.0,0.0
-0.00010416666666666667,0.17215882499687768,-0.4375,0.46875,8.8916015625,0.35502366783363287,-0.10963374041314378,0.0,0.0
0.034375,0.3144988159092707,-0.6875,0.90625,30.02734375,0.431697223403036,0.2604659889814558,0.0,0.0
0.2678125,0.56206444363799,-0.46875,2.0,116.2919921875,1.5386163965742612,1.9973977948493458,0.0,0.0
0.2941666666666667,0.5602755398512018,-0.625,2.0,120.1328125,1.432388376763823,1.8579330364968554,0.0,0.0
-0.06854166666666667,0.47388433488270343,-1.0,1.34375,68.779296875,0.4384672726413825,-0.14342404361487926,0.0,0.0
0.0453125,0.7968775531004852,-1.53125,1.875,191.1201171875,0.4946367184353957,-0.2920133641597471,0.0,0.0
-0.05427083333333333,0.7184061602076541,-1.75,1.375,155.7158203125,-0.08781110907722878,-0.6144748704075917,0.0,0.0
-0.018645833333333334,0.6758198066232637,-1.75,1.8125,137.1240234375,-0.12919444675595973,0.7015100974588653,0.0,0.0
-0.027604166666666666,0.6873648462480744,-1.34375,1.75,141.9697265625,0.12890411408574387,-0.5502251845090989,0.0,0.0
-0.21989583333333335,1.3448282939434952,-3.34375,2.25,557.0751953125,-0.603927636994516,0.013839090111467112,0.0,0.0
-0.21177083333333332,1.653641850388904,-3.34375,3.40625,833.8134765625,0.09639403299058769,-0.15903028833963173,0.0,0.0
0.07760416666666667,0.9580642455098226,-1.75,2.21875,277.1728515625,0.3504708651551678,-0.7891821171334468,0.0,0.0
-0.40458333333333335,1.1315710103165815,-3.25,1.59375,433.2421875,-0.44727013853871445,-0.07907827496226538,0.0,0.0
0.06458333333333334,1.354468716313604,-2.46875,2.28125,551.626953125,-0.19400023743204384,-1.295510950540116,1.0,0.0
-0.49614583333333334,0.9515311753647234,-2.46875,1.03125,345.4716796875,-0.20457714741420677,-1.253533400135596,0.0,0.0
0.01625,0.8335706953622269,-2.0625,1.65625,208.53125,-0.2820452929612064,-0.614787386331904,0.0,0.0
-0.2459375,0.9343626845620941,-2.40625,2.59375,280.0556640625,0.3269653849910037,0.5709511486387706,0.0,0.0
0.0715625,0.9713703975408917,-2.40625,2.59375,284.6044921875,0.28037804400924743,1.0830265462109052,0.0,1.0
-0.0646875,0.33502919843214163,-0.6875,1.34375,34.9287109375,1.5576153108984285,4.2217453264784925,0.0,0.0
0.16072916666666667,0.5066576183916566,-0.65625,1.34375,84.7607421875,0.7099125243361383,-0.3307086131117951,0.0,0.0
-0.051145833333333335,0.8073260678154184,-2.5625,1.5625,196.3173828125,-0.9279277651200154,1.2957890995184176,0.0,0.0
0.3458333333333333,1.2358004252193078,-2.59375,2.625,494.041015625,-0.28924863325625705,-0.4616880970625026,0.0,1.0
0.1215625,0.8621968254902223,-2.1875,2.5,227.4482421875,0.517561265980985,1.6128753710459804,0.0,1.0
-0.053125,0.24982415690841428,-0.6875,0.5,19.5703125,-0.2525364129268691,-0.77681034252493,0.0,0.0
-0.12927083333333333,0.2562588709507872,-0.78125,0.375,24.7138671875,-0.3932786894066437,-0.4484710994037173,0.0,0.0
0.0775,0.23167809474210832,-0.46875,0.65625,17.904296875,-0.09290601214444935,-0.5900071478140747,0.0,0.0
0.015520833333333333,0.3186835953433628,-0.84375,0.59375,30.5400390625,-0.6215115148023651,-0.24507487923384508,0.0,0.0
0.041354166666666664,0.2813404754166007,-0.5625,0.6875,24.2587890625,-0.047431614954083406,-0.7298257926691853,0.0,0.0
-0.2602083333333333,0.18264537113549367,-0.71875,0.125,30.3203125,-0.2140465753766614,-0.4544718433955319,0.0,0.0
0.07791666666666666,0.2968749269005758,-0.3125,0.625,28.26171875,0.21533572721390074,-1.5562820047065287,0.0,0.0
0.08958333333333333,0.15500196011305434,-0.21875,0.40625,9.615234375,0.09727169938165502,-0.5631244128672401,0.0,0.0
0.01,0.11725039978609882,-0.1875,0.34375,4.154296875,0.3970655041776436,-0.29115790500499594,0.0,0.0
-0.0020833333333333333,0.09320443107611474,-0.21875,0.15625,2.607421875,-0.08319433082313626,-1.0660633677876747,0.0,0.0
-0.057291666666666664,0.20998563525605482,-0.8125,0.1875,14.212890625,-1.9081407972833317,3.118893472715552,0.0,0.0
-0.0036458333333333334,0.11813046540854265,-0.375,0.1875,4.1904296875,-0.7588941124465752,-0.15995752018060028,0.0,0.0
-0.18822916666666667,0.3524229593461606,-0.90625,0.15625,47.8896484375,-0.744819307236317,-0.9798103914831442,0.0,0.0
0.0084375,0.07707903985790604,-0.21875,0.15625,1.8037109375,-0.19042877907908776,0.14859414919571012,0.0,0.0
-0.009270833333333334,0.05958287805770118,-0.125,0.15625,1.0908203125,0.7855502149682543,0.4275601128073805,0.0,0.0
-0.0171875,0.08828240227861571,-0.28125,0.125,2.4267578125,-0.9241157110463026,1.6319975345547268,0.0,0.0
-0.04729166666666667,0.09978731723298084,-0.28125,0.125,3.658203125,-0.5342693089506525,-0.5508850090751558,0.0,0.0
0.07208333333333333,0.151444720846328,-0.1875,0.46875,8.439453125,0.9598692171010024,0.04099826737473977,0.0,0.0
0.059270833333333335,0.14657323462228322,-0.25,0.375,7.4990234375,0.13274838856152452,-0.9118091025252433,0.0,0.0
0.02,0.09923404573700166,-0.125,0.28125,3.07421875,0.4739760791652138,-0.43778389443219146,0.0,0.0
0.1465625,0.24215671847397366,-0.21875,0.71875,24.0361328125,0.8152118715754026,-0.4863501948095781,0.0,0.0
0.15322916666666667,0.2349936049292382,-0.1875,0.59375,23.6103515625,0.3098199299037565,-1.1688743399167647,0.0,0.0
0.08947916666666667,0.2602294952363629,-0.1875,0.59375,22.7177734375,0.8231216643597161,-1.073993401288465,0.0,0.0
0.494375,1.3939908704417685,-2.71875,3.3125,656.28515625,0.06727121044619482,-0.3167060060756586,1.0,0.0
-0.37041666666666667,1.0356464785206496,-2.75,2.90625,362.931640625,-0.3799144861811954,1.3792965974068068,1.0,0.0
0.20208333333333334,1.410905103756293,-2.09375,2.65625,609.447265625,0.17865084613470775,-0.7267715868264975,1.0,0.0
-0.468125,0.8275054286075711,-2.09375,0.46875,271.171875,-1.0161291784734643,-0.682748800189851,0.0,0.0
0.14041666666666666,0.27956082249167574,-0.125,0.90625,29.361328125,1.6611766475233587,1.395058920412878,0.0,0.0
-0.0071875,0.1319565555479656,-0.28125,0.3125,5.2392578125,0.08055636198997856,-0.39333869625662965,0.0,0.0
0.30854166666666666,0.3049995019349303,-0.15625,0.96875,56.466796875,0.5364827081063245,-1.0211779273350219,0.0,0.0
0.0060416666666666665,0.06309061219565254,-0.21875,0.125,1.205078125,-0.653540309065666,0.047945599372816616,0.0,0.0
-0.026145833333333333,0.05439644771770998,-0.15625,0.125,1.0927734375,0.5297958928241724,0.3837189591264498,0.0,0.0
0.023854166666666666,0.12114090703655346,-0.21875,0.375,4.5732421875,0.7660646931668426,0.761909463587886,0.0,0.0
-0.004895833333333334,0.07589819513206857,-0.21875,0.15625,1.7353515625,-0.8864878697718037,0.4893704783555979,0.0,0.0
0.010833333333333334,0.06574757071980344,-0.1875,0.1875,1.33203125,0.1075333219189962,-0.28119439073476826,0.0,0.0
-0.011979166666666667,0.05379227584860323,-0.15625,0.09375,0.9111328125,-0.36457285449929705,-0.6781934462316874,0.0,0.0
0.022083333333333333,0.06673629176758991,-0.125,0.1875,1.482421875,0.34141977064506673,-0.6505721024277182,0.0,0.0
0.019166666666666665,0.08054879042474125,-0.1875,0.21875,2.056640625,0.3584250284066463,-0.6949802229056479,0.0,0.0
-0.0490625,0.11281105723915837,-0.28125,0.21875,4.5400390625,0.052281056586095546,-0.7331354667712109,0.0,0.0
0.01125,0.07183241492065635,-0.15625,0.15625,1.5859375,-0.4736850527890916,-0.7171458264290518,0.0,0.0
0.010625,0.07867142243746031,-0.15625,0.1875,1.890625,0.07371963667789788,-0.7253769251652682,0.0,0.0
-0.009583333333333333,0.07070576748438247,-0.15625,0.15625,1.52734375,0.4344294111099085,-0.48738755340242035,0.0,0.0
0.021145833333333332,0.08715775079879903,-0.1875,0.1875,2.4130859375,-0.3744618441685765,-0.6763033735423307,0.0,0.0
0.0046875,0.07633895937691318,-0.15625,0.125,1.7548828125,-0.7256809331026979,-0.7329756611754528,0.0,0.0
-0.019895833333333335,0.05535740487329184,-0.1875,0.09375,1.0380859375,-0.9579562106267793,0.8738938197326998,0.0,0.0
-0.04510416666666667,0.09343761612776136,-0.25,0.125,3.2294921875,-0.3877833448466019,-0.7832790080774763,0.0,0.0
-0.021666666666666667,0.08882528106094321,-0.21875,0.125,2.5078125,-0.6268383599564444,-0.2831271378609914,0.0,0.0
-0.011666666666666667,0.09451401645023641,-0.21875,0.21875,2.720703125,-0.6367617648427868,0.06228928554929869,0.0,0.0
-0.0115625,0.09729294922423722,-0.1875,0.21875,2.8798828125,0.3525716135814808,-0.3613601884415587,0.0,0.0
-0.016458333333333332,0.08792283746116376,-0.21875,0.15625,2.400390625,-0.14248392276872396,-0.8236230630979029,0.0,0.0
-0.027604166666666666,0.07366248043818206,-0.21875,0.125,1.8564453125,-0.2084103063367943,0.17003313123488528,0.0,0.0
0.018020833333333333,0.07593249869218639,-0.21875,0.1875,1.8271484375,-0.5805932118472424,-0.08082448180336232,0.0,0.0
-0.03666666666666667,0.08379403900172268,-0.28125,0.1875,2.509765625,-0.5596363586928936,0.433229336278695,0.0,0.0
-0.016458333333333332,0.06975558768936643,-0.25,0.09375,1.541015625,-1.1354001221692214,1.4519958571419993,0.0,0.0
-0.013854166666666667,0.06565070594420308,-0.15625,0.15625,1.3505859375,0.1632566529020805,-0.34010422604555046,0.0,0.0
0.13729166666666667,0.17607174299289352,-0.15625,0.5,14.955078125,0.31327465126041104,-1.160987605169572,0.0,0.0
0.08427083333333334,0.15641029971724651,-0.09375,0.5,9.4697265625,1.128692834781838,0.11076255620445297,0.0,0.0
0.1103125,0.23863987698081116,-0.21875,0.6875,20.7353515625,1.0271533028975726,-0.08271225997254916,0.0,0.0
-0.028125,0.19147692147706297,-0.3125,0.65625,11.236328125,1.6892700481247733,3.631635176017144,0.0,0.0
-0.07010416666666666,0.15504994015146287,-0.3125,0.25,8.6865234375,0.3761347220678471,-0.8312167679802993,0.0,0.0
-0.005,0.13263554387870544,-0.3125,0.21875,5.28515625,-0.11939692001856851,-1.1100936463725368,0.0,0.0
0.4125,0.4661385590680093,-0.03125,1.75,116.232421875,1.8419355668149457,2.1595717470016424,0.0,0.0
0.17114583333333333,1.1670983715784082,-2.34375,2.53125,417.4228515625,-0.05591108983420158,-0.17459456754388603,1.0,0.0
-0.12979166666666667,0.14011419573769895,-0.375,0.3125,10.943359375,0.9327915283352373,0.3707835705050657,0.0,0.0
0.0346875,0.12545970157285566,-0.25,0.34375,5.0830078125,0.07927468602746081,-0.670309535419531,0.0,0.0
-0.155625,0.21768999125285174,-0.53125,0.25,21.482421875,0.15604293196713612,-1.2692913078461443,0.0,0.0
0.076875,0.11930408015515087,-0.125,0.34375,6.04296875,0.44082406307738264,-0.8467336785226771,0.0,0.0
0.017708333333333333,0.1289943406919682,-0.28125,0.25,5.0859375,-0.25935608196158916,-0.5991772785786504,0.0,0.0
0.45697916666666666,0.596202273232532,-0.21875,1.84375,169.2861328125,0.878316092718544,-0.8559901801031398,0.0,0.0
0.3446875,1.388363950711562,-2.25,2.15625,613.9091796875,-0.44326048360677567,-1.0452487778088584,0.0,0.0
0.033854166666666664,0.05798585121365575,-0.125,0.15625,1.3525390625,-0.622658246321074,-0.6386871178162803,0.0,0.0
-0.07520833333333334,0.10585691174358379,-0.28125,0.09375,5.05859375,-0.08902570808403586,-1.083969589378298,0.0,0.0
-0.016145833333333335,0.05673737546190832,-0.15625,0.09375,1.0439453125,-0.17867311253223173,-0.5923108389691603,0.0,0.0
-0.020416666666666666,0.10950805399096858,-0.25,0.1875,3.72265625,-0.038251138829905884,-0.7043292404724584,0.0,0.0
0.011979166666666667,0.09694078187724825,-0.25,0.25,2.8623046875,-0.4977771734924337,0.09588293248900914,0.0,0.0
0.5071875,0.6394606542903298,-0.15625,1.9375,199.8447265625,0.7808700021796727,-0.8289300695434787,1.0,0.0
-0.300625,1.28251040647175,-2.5625,1.9375,520.5625,-0.24717260102641087,-0.7148004262794152,1.0,0.0
-0.1934375,0.5230313100590473,-2.03125,1.1875,93.2939453125,-1.0318397978811282,3.6894959370512286,0.0,1.0
0.042395833333333334,0.27036118700910494,-0.90625,1.1875,22.4677734375,1.9605808592730827,7.061330592960283,0.0,0.0
0.6842708333333334,0.7778839918485952,-1.53125,2.78125,321.9990234375,0.704411718518068,0.5488359945856733,1.0,0.0
-0.11666666666666667,1.2652387099103297,-2.53125,2.78125,484.33203125,-0.026362052410245435,0.17616372762409505,1.0,0.0
-0.12177083333333333,0.19368107532996667,-0.71875,0.1875,15.7021484375,-1.1174087958612864,1.1070739884384713,0.0,0.0
-0.176875,0.3019431427575949,-0.9375,0.15625,36.736328125,-1.213565994323086,0.35762709291473715,0.0,0.0
0.005104166666666667,0.9399048957780989,-2.34375,2.34375,265.0341796875,-0.1531938390224081,1.3097689695259103,0.0,1.0
0.17541666666666667,0.4717513174921248,-0.1875,2.34375,75.99609375,3.0802125642407603,9.268169668664436,0.0,0.0
-0.026770833333333334,0.12219291690180827,-0.25,0.21875,4.6943359375,0.24899333914871516,-0.7217944615503442,0.0,0.0
-0.050729166666666665,0.11342841255305285,-0.3125,0.15625,4.6318359375,-0.20209438621535747,-1.0838138204978303,0.0,0.0
0.03197916666666667,0.22601648765294144,-0.28125,1.03125,15.6318359375,2.4083806917865993,6.921757237891718,0.0,0.0
0.08875,1.0313672913096155,-1.9375,2.28125,321.478515625,0.07592430949799245,-0.1370281283652659,1.0,0.0
-0.023958333333333335,0.0783053473943865,-0.1875,0.15625,2.01171875,0.027038391432483842,-0.5050449835270152,0.0,0.0
0.02020833333333333,0.07231627823126839,-0.125,0.1875,1.69140625,-0.062356921464945175,-0.5869437178686048,0.0,0.0
-0.09979166666666667,0.6925120022525884,-1.625,1.59375,146.859375,-0.41062674323106074,0.7786014021836163,0.0,1.0
0.020625,0.10739760142417831,-0.1875,0.28125,3.587890625,0.5613654694905628,0.07832920196419568,0.0,0.0
0.019270833333333334,0.08289435158263532,-0.1875,0.28125,2.1728515625,0.2617133174258441,1.4848441945058157,0.0,0.0
0.004895833333333334,0.09152990508192148,-0.1875,0.28125,2.5205078125,0.5874496482920981,0.7123033989815912,0.0,0.0
-0.0125,0.040343576522993925,-0.09375,0.0625,0.53515625,-0.3234715690752437,-0.5061119999999999,0.0,0.0
0.007604166666666667,0.03755363641032501,-0.09375,0.09375,0.4404296875,-0.6368951294108361,1.4414468787697716,0.0,0.0
-0.013333333333333334,0.08426664853639046,-0.21875,0.21875,2.18359375,-0.05109047112310486,0.7692864196182394,0.0,0.0
-0.0340625,0.08505838221725515,-0.21875,0.125,2.5185546875,-0.18194555511085678,-0.9037656786608239,0.0,0.0
-0.03822916666666667,0.10199884896885957,-0.34375,0.125,3.5595703125,-0.7107452242772156,0.12886870364124903,0.0,0.0
-0.06729166666666667,0.07656668072485723,-0.25,0.09375,3.1171875,-0.14605648032569327,-0.46872825034742016,0.0,0.0
-0.04895833333333333,0.8272571448349997,-1.9375,2.21875,206.025390625,0.022618476599649644,1.3461798717720415,0.0,1.0
0.055625,0.08263010574239876,-0.125,0.25,2.9765625,-0.16849176919773132,-0.09453743452528185,0.0,0.0
0.09354166666666666,0.15581174649949286,-0.1875,0.5,9.908203125,0.5885426575600962,-0.235354950778214,0.0,0.0
-0.06145833333333333,0.09343117081871315,-0.34375,0.25,3.751953125,0.6233532678339845,2.215515321098189,0.0,0.0
-0.016770833333333332,0.14483958289882487,-0.40625,0.3125,6.3779296875,0.37627145296224207,-0.17535108595056714,0.0,0.0
0.2554166666666667,1.3591929795123117,-2.875,2.78125,573.79296875,-0.5938982579420663,0.12598680497635328,0.0,1.0
0.3390625,0.21065567593132478,-0.03125,0.75,47.8017578125,0.25229434545032253,-1.2218451772823218,0.0,0.0
-0.2969791666666667,0.30085055568776814,-0.75,0.34375,53.6123046875,0.7064309568906728,-0.82236175936852,0.0,0.0
-0.30291666666666667,0.28137605199961296,-0.6875,0.25,51.279296875,0.64063483508296,-1.10803676477146,0.0,0.0
0.101875,0.13699861237131805,-0.21875,0.46875,8.744140625,0.2583990717752407,0.4474801135456663,0.0,0.0
-0.0022916666666666667,0.10251376093264532,-0.25,0.28125,3.154296875,-0.3004227981413756,-0.051703509413431714,0.0,0.0
0.0008333333333333334,0.12167166085640303,-0.25,0.34375,4.44140625,0.7541842292437739,0.5762085445014669,0.0,0.0
0.21572916666666667,0.11151473456142716,-0.03125,0.46875,17.6923828125,-0.1761169063565456,-0.5333715497727889,0.0,0.0
-0.024791666666666667,0.19839186373745832,-0.40625,0.3125,11.9921875,-0.28635733802415486,-1.2445141908814716,0.0,0.0
-0.22895833333333335,0.07901548063864167,-0.40625,-0.0625,17.599609375,-0.17855322718928326,-0.7231654531409477,0.0,0.0
-0.16302083333333334,0.3542750293782673,-0.875,0.3125,45.6259765625,-0.5843808925427403,-0.7564381247676186,0.0,0.0
-0.15520833333333334,0.4219624394981409,-0.9375,0.3125,60.642578125,-0.6261001785135054,-1.2408266314145524,0.0,0.0
-0.090625,0.3124531214838476,-0.9375,0.15625,31.751953125,-1.777912000392646,1.5372646004064308,0.0,0.0
-0.011770833333333333,0.07815492482438682,-0.1875,0.1875,1.8740234375,-0.0073716598088393115,0.24822493631996734,0.0,0.0
-0.1859375,0.4455226112504466,-1.625,0.125,69.9189453125,-2.3045966111164917,3.8531369883468596,0.0,1.0
0.009791666666666667,0.7025820743376218,-1.625,1.625,148.115234375,-0.04669884768517266,0.8169028431127545,0.0,1.0
0.019583333333333335,0.08028648789733481,-0.21875,0.15625,2.048828125,-0.7022366112528242,-0.2159248520284316,0.0,0.0
0.025104166666666667,0.04497527773831852,-0.0625,0.125,0.7958984375,-0.35120998788179164,-0.2952963427312407,0.0,0.0
-0.005416666666666667,0.061050553960540675,-0.15625,0.125,1.126953125,-0.04874883434667811,-0.4801445139442797,0.0,0.0
-0.021145833333333332,0.07962388528349322,-0.21875,0.125,2.0361328125,-0.3426388672597753,-0.613061848510926,0.0,0.0
-0.058541666666666665,0.07124238507065549,-0.21875,0.09375,2.55078125,-0.19161289653776029,-0.6046385189831271,0.0,0.0
-0.013854166666666667,0.055610855723550554,-0.15625,0.09375,0.9853515625,-0.46923830295246133,-0.688513064521703,0.0,0.0
0.05416666666666667,0.15971844802304114,-0.3125,0.65625,8.533203125,0.7221164476105425,3.4529756887799063,0.0,0.0
0.0834375,1.246787969498189,-2.46875,1.96875,468.4326171875,-0.6418273151012517,-0.6655988004516926,1.0,0.0
-1.2303125,1.074906018784317,-2.8125,0.0625,800.7275390625,0.028477853448951266,-1.6389407017075683,0.0,0.0
0.009375,0.05385527481129402,-0.125,0.15625,0.896484375,0.33994963115927535,-0.002562096838191863,0.0,0.0
0.01,0.07446160923590088,-0.15625,0.15625,1.693359375,-0.38166043676159184,-0.7785059779429986,0.0,0.0
-0.027708333333333335,0.04593312998866456,-0.125,0.09375,0.86328125,0.3203508337971279,-0.18374123509236018,0.0,0.0
-0.021354166666666667,0.04452135002039907,-0.125,0.0625,0.7314453125,-0.6581999287042192,-0.16741497440948727,0.0,0.0
-0.04802083333333333,0.10756836287204627,-0.375,0.09375,4.1630859375,-1.1490848560215194,0.8402366377540464,0.0,0.0
-0.005625,0.05065585479488033,-0.15625,0.125,0.779296875,-1.2573089453857977,2.1638035583298656,0.0,0.0
-0.041354166666666664,0.05828597407872289,-0.15625,0.125,1.5322265625,0.4014653268801773,-0.5112095651541315,0.0,0.0
-0.006875,0.06132966757614132,-0.15625,0.125,1.142578125,-0.04594497444240086,-0.9296326467149867,0.0,0.0
0.0,0.0649017687226884,-0.125,0.125,1.263671875,0.25674872973292967,-0.985829258329372,0.0,0.0
0.021666666666666667,0.07134739931412279,-0.125,0.1875,1.66796875,0.19811621468828733,-0.9107198249903021,0.0,0.0
0.026979166666666665,0.09871235877186582,-0.15625,0.3125,3.1416015625,1.0348505725330381,0.3542365312408289,0.0,0.0
0.001979166666666667,0.061231839002588266,-0.15625,0.125,1.1259765625,-0.25341384946261725,-0.5364384830340714,0.0,0.0
-0.0309375,0.08134949837224975,-0.1875,0.125,2.2724609375,-0.23090408231028356,-0.8176941911973139,0.0,0.0
-0.026354166666666668,0.06280230707788971,-0.15625,0.125,1.3916015625,0.18413888757205996,0.15668977651190996,0.0,0.0
-0.0296875,0.06964965340007084,-0.15625,0.125,1.7197265625,0.30391069808379256,-0.548128005665411,0.0,0.0
0.04708333333333333,0.21047585801121124,-0.15625,0.625,13.955078125,1.6203353136709793,1.1766134524261824,0.0,0.0
0.3207291666666667,0.21460505047871595,-0.1875,0.625,44.6767578125,-0.705629901923799,-0.7448758772542226,0.0,0.0
-0.18333333333333332,0.19917364004528537,-0.53125,0.25,21.984375,0.17899048739211298,-1.1106671207427388,0.0,0.0
0.030416666666666668,0.3039871045327782,-0.53125,0.375,28.0,-0.7003465550989852,-1.2510102110854688,0.0,0.0
-0.04020833333333333,0.17610649693832675,-0.46875,0.28125,9.7890625,-0.037388646970554905,-0.6710721886397093,0.0,0.0
-0.018125,0.09936451726681243,-0.3125,0.15625,3.060546875,-0.6430727292823585,-0.24855777530710155,0.0,0.0
0.06645833333333333,0.1237329884491422,-0.125,0.34375,5.91796875,0.2936398922864591,-1.1230627683868801,0.0,0.0
-0.2890625,0.4070195035893039,-0.9375,0.25,74.7666015625,-0.3433450883843887,-1.6446965164975846,0.0,0.0
-0.25895833333333335,0.3845796654754671,-0.9375,0.1875,64.48828125,-0.7705780853705817,-1.1622262499977236,0.0,0.0
0.04729166666666667,0.07601198050673035,-0.125,0.21875,2.404296875,0.17974018427988345,-0.15453926635556936,0.0,0.0
0.028229166666666666,0.06634517207483065,-0.125,0.21875,1.5595703125,0.6470057686127335,0.36178466794628683,0.0,0.0
-0.12197916666666667,0.2282048709112908,-0.84375,0.1875,20.0869140625,-1.458581411856584,1.2960414746349809,0.0,0.0
-0.05354166666666667,0.09933612097598514,-0.375,0.15625,3.8203125,-0.7137908820390956,1.1434298318398994,0.0,0.0
0.06416666666666666,0.11094331948742515,-0.375,0.21875,4.927734375,-1.9198049245735989,3.89048769182304,0.0,0.0
-0.068125,0.11442621804027256,-0.40625,0.125,5.3203125,-1.1042957402491063,0.6921705956410467,0.0,0.0
-0.0284375,0.0682884602409758,-0.1875,0.125,1.6416015625,0.34690585954756153,-0.23508258237862645,0.0,0.0
0.05447916666666667,0.09788180895501244,-0.1875,0.15625,3.7646484375,-0.8436657478821246,-0.7964241619969497,0.0,0.0
0.010208333333333333,0.15270975442722126,-0.5,0.15625,7.02734375,-1.8029179187647237,2.643109523244883,0.0,0.0
-0.0684375,0.09733041475004957,-0.28125,0.15625,4.2470703125,-0.09247033991575677,-0.1117104242838165,0.0,0.0
-0.06520833333333333,0.0979235369930142,-0.3125,0.15625,4.15234375,-0.18307593437950176,-0.035846187267983165,0.0,0.0
-0.02375,0.1703695431994815,-0.59375,0.1875,8.876953125,-1.8772614560231793,2.863082780029009,0.0,0.0
0.027083333333333334,0.03821653401634196,-0.09375,0.09375,0.658203125,-1.1551606365297227,1.196697495633975,0.0,0.0
-0.017708333333333333,0.06958925872974618,-0.1875,0.125,1.546875,-0.6207333527832068,0.2844157571335293,0.0,0.0
-0.022916666666666665,0.06723391484627052,-0.15625,0.15625,1.513671875,0.40411669196543964,-0.39263253796075404,0.0,0.0
0.0013541666666666667,0.052615097874142126,-0.15625,0.125,0.8310546875,-0.16033706963152677,0.13306166705963118,0.0,0.0
-0.01125,0.05517255129742204,-0.15625,0.125,0.951171875,0.34762884958879753,0.07951462080595073,0.0,0.0
0.0053125,0.06804395982561567,-0.125,0.125,1.3974609375,-0.19498352466465366,-1.2295684377749767,0.0,0.0
0.002395833333333333,0.06646870021024098,-0.15625,0.125,1.3271484375,-0.6447532511351693,-0.14119669653478217,0.0,0.0
-0.042083333333333334,0.10215686127498023,-0.25,0.15625,3.662109375,-0.2842777693085711,-0.8781675037366821,0.0,0.0
0.010625,0.08449682563071033,-0.25,0.125,2.17578125,-1.656007691782279,2.0233039110489885,0.0,0.0
0.004791666666666666,0.08371552980514162,-0.25,0.125,2.109375,-1.1074837134793896,0.3568767847371008,0.0,0.0
-0.07,0.13234562547864337,-0.53125,0.09375,6.724609375,-1.5960267551470924,2.151684990540753,0.0,0.0
0.118125,0.8736736226751574,-2.0625,1.9375,233.177734375,-0.4000543549262938,0.42785914997687957,0.0,1.0
-0.0034375,0.07389309035412805,-0.15625,0.15625,1.6416015625,0.12377648083757069,-0.7724540747520474,0.0,0.0
-0.0003125,0.07308692919222971,-0.25,0.15625,1.6025390625,-0.42257041539596074,0.16213554119898532,0.0,0.0
-0.018645833333333334,0.05728778395934182,-0.1875,0.0625,1.0888671875,-0.5110831843902492,-0.3528874023884985,0.0,0.0
-0.017395833333333333,0.08539195526690764,-0.3125,0.15625,2.2783203125,-0.5398450550298426,0.03969604415320349,0.0,0.0
-0.007291666666666667,0.09002435048671861,-0.3125,0.15625,2.447265625,-0.6304111484082003,-0.2910042904880661,0.0,0.0
0.013229166666666667,0.05849781498174858,-0.09375,0.15625,1.0791015625,0.283137443625043,-0.6855824670367663,0.0,0.0
-0.009270833333333334,0.048900564321613126,-0.09375,0.15625,0.7431640625,0.8426407017329071,0.8605145689938292,0.0,0.0
-0.0115625,0.06841609254225207,-0.21875,0.15625,1.4443359375,-0.22861598814326325,0.5685715908195501,0.0,0.0
-0.024895833333333332,0.08695134285510232,-0.21875,0.15625,2.4541015625,-0.25010565352758113,-0.24445260709284433,0.0,0.0
-0.0840625,0.3092864456596021,-1.71875,0.125,30.8173828125,-3.5860739781185234,12.947532023413812,0.0,0.0
0.1340625,0.9233899451940207,-2.03125,1.625,261.1865234375,-0.8896403324766772,0.1640204639667453,0.0,1.0
-0.04145833333333333,0.14045112707708052,-0.21875,0.3125,6.43359375,1.1724549710088197,0.33245496965431887,0.0,0.0
0.42052083333333334,0.46611214962099584,-0.21875,1.40625,118.2294921875,0.4371311837562403,-0.8907654388387858,0.0,0.0
0.5090625,0.6458545947441137,-0.125,1.9375,202.8818359375,0.9261290785936936,-0.5256051069446888,0.0,0.0
0.35104166666666664,1.9735289770519937,-3.0,3.03125,1205.4140625,-0.471832315106097,-1.4081651127854067,1.0,0.0
-0.6030208333333333,0.9718843727218647,-3.0,0.0625,392.4580078125,-1.4483265303100468,0.4552375450297719,0.0,0.0
-0.045625,0.10595117291312384,-0.3125,0.125,3.9921875,-0.43156390754236845,-0.6276063754671086,0.0,0.0
-0.07427083333333333,0.8111375529306393,-2.59375,1.75,199.0380859375,-0.7630311248149567,1.8781426743542697,0.0,1.0
-0.029375,0.052691861721395526,-0.1875,0.0625,1.091796875,-0.8285623131393172,1.2135837568586965,0.0,0.0
0.0134375,0.10923398647894954,-0.21875,0.28125,3.6337890625,0.17955572464893008,-0.03648273784601841,0.0,0.0
-0.3466666666666667,0.7295639988871587,-2.375,0.125,195.732421875,-1.9356875512397762,2.107541832477491,0.0,1.0
-0.25979166666666664,0.8876880424810785,-2.375,1.75,256.64453125,-0.8079116170098134,0.8327290702265184,0.0,1.0
0.0453125,0.1464449599750136,-0.28125,0.4375,7.0498046875,0.8229394517010258,0.3018178352046679,0.0,0.0
0.028958333333333332,0.044793604609239576,-0.09375,0.15625,0.853515625,0.4886369899150339,0.21589323893421142,0.0,0.0
-0.03875,0.07907176329132923,-0.28125,0.0625,2.326171875,-1.1392890350851708,0.9727479741017393,0.0,0.0
-0.035416666666666666,0.0710474704374164,-0.21875,0.0625,1.890625,-1.0486607455996297,0.4921989192418277,0.0,0.0
0.4525,0.6903654301044725,-0.53125,2.34375,204.408203125,1.3078544282006275,0.3672086779823216,0.0,0.0
-0.16677083333333334,1.250597509102871,-2.78125,2.34375,477.5419921875,-0.3036754586040459,-0.030042500417100992,1.0,0.0
0.009375,0.07031828679890696,-0.1875,0.15625,1.509765625,-0.6094736491476783,-0.16726381350815966,0.0,0.0
-0.003958333333333334,0.07716465305148178,-0.1875,0.1875,1.791015625,-0.12803429422006704,0.1565118791127631,0.0,0.0
-0.07989583333333333,0.10995436829721177,-0.3125,0.09375,5.5419921875,-0.11821325827843436,-1.123866778238562,0.0,0.0
0.0020833333333333333,0.09260879487872029,-0.3125,0.1875,2.57421875,-1.213791274138293,1.1528219709387137,0.0,0.0
-0.050625,0.09428113433591402,-0.25,0.09375,3.435546875,-0.4876446529891989,-0.5313033457665033,0.0,0.0
-0.25979166666666664,0.5483894110762493,-2.15625,0.96875,110.466796875,-2.064619795331859,3.647477997068746,0.0,1.0
0.18583333333333332,0.8461715764580819,-2.15625,1.9375,225.162109375,-0.8043417174730826,1.0338220124695665,0.0,1.0
0.983125,0.5836769449290136,0.21875,2.3125,392.1640625,0.8710619100677578,-0.6216983155446814,0.0,0.0
-0.5363541666666667,1.5886366057695422,-2.84375,2.3125,843.4326171875,0.366741742867815,-1.071600402290873,1.0,0.0
-0.22166666666666668,0.25213532521688076,-0.5,0.46875,33.8125,1.246259060312728,0.22447022710824038,0.0,0.0
-0.23052083333333334,0.22207617542404728,-0.5625,0.28125,30.7373046875,0.39863254810574017,-1.109728854948801,0.0,0.0
-0.0209375,0.14564344035606272,-0.4375,0.25,6.4951171875,-0.40510276189007743,0.11551351052284842,0.0,0.0
0.09791666666666667,0.12079740845270186,-0.09375,0.34375,7.25390625,0.057377209758793166,-1.3123647045875424,0.0,0.0
0.1546875,0.23956238585961276,-0.46875,0.5625,24.3955078125,-1.1078403460961397,0.8746918271235438,0.0,0.0
-0.18010416666666668,1.7675553576265455,-3.84375,2.15625,947.0068359375,-0.7695466791897866,-0.8317961121403479,1.0,0.0
-1.0472916666666667,1.112027267695007,-3.84375,-0.125,700.02734375,-1.3394522672665932,0.1917767808156312,0.0,0.0
-0.505,0.6533375850201794,-2.4375,1.03125,204.5625,-1.6113693986564834,2.0803715749042473,0.0,1.0
0.13385416666666666,0.9509981678168326,-2.4375,1.78125,276.6943359375,-1.373994625337011,1.3332995704036037,0.0,1.0
0.15427083333333333,0.16661258888302996,-0.1875,0.46875,15.4677734375,-0.2152479842200033,-0.7694561801512414,0.0,0.0
-0.19333333333333333,0.8243636013448328,-2.25,1.84375,215.0859375,-0.15058750741300464,0.9952916131187806,0.0,1.0
-0.24697916666666667,0.2245959672930606,-0.625,0.15625,33.4326171875,0.28681137078319885,-1.0198613364850388,0.0,0.0
-0.06291666666666666,0.30414854398066016,-0.8125,0.34375,28.939453125,-0.7419975050050289,-0.519777775822881,0.0,0.0
0.12645833333333334,0.19253099948810554,-0.46875,0.28125,15.91796875,-1.0365593546268543,0.13279088748907641,0.0,0.0
-0.076875,0.11935863762208412,-0.46875,0.15625,6.046875,-1.4136863230887535,2.090727164650797,0.0,0.0
0.2309375,0.616930642753908,-2.25,1.5625,130.1806640625,-0.39313691784630544,2.4495478429211595,1.0,0.0
-0.4032291666666667,1.164184762408573,-3.0,1.5625,455.3759765625,-0.89004873940144,0.1946268488083298,1.0,0.0
0.002395833333333333,0.10596218165445737,-0.25,0.15625,3.3701171875,-0.5132221402107571,-0.8955250329437212,0.0,0.0
-0.021875,0.10011386746267138,-0.21875,0.1875,3.150390625,-0.045742003730908164,-0.8749163655227745,0.0,0.0
-0.10260416666666666,0.08979353971364284,-0.28125,0.15625,5.5771484375,0.6060290051586167,-0.3435067865106505,0.0,0.0
0.017395833333333333,0.060489449694186806,-0.15625,0.15625,1.1884765625,0.020273039760107272,-0.4137433859929667,0.0,0.0
0.013020833333333334,0.07753772323395598,-0.15625,0.15625,1.8544921875,-0.3188916114487646,-0.5281590753168515,0.0,0.0
0.0784375,0.07609808124223631,-0.125,0.21875,3.5830078125,-0.35701884798948735,-0.01097677167691069,0.0,0.0
-0.08145833333333333,0.2674969982957233,-1.0,0.21875,23.45703125,-1.7761588426939945,2.5158781562426977,0.0,0.0
-0.3514583333333333,0.8764752197089709,-2.65625,1.53125,267.51953125,-0.6193354751765439,0.814116470303138,0.0,1.0
-0.35052083333333334,0.6773515093910293,-2.53125,1.34375,174.5009765625,-0.8899657790773841,2.3944079165172862,0.0,1.0
-0.19989583333333333,0.34001664264312936,-1.59375,0.21875,46.6708984375,-0.68657180071188,0.5344337830565373,0.0,0.0
-0.06989583333333334,0.8966121796003214,-2.4375,1.6875,242.6396484375,-1.0082729326855064,1.0179518685564481,0.0,1.0
-0.07270833333333333,1.02294952849455,-2.46875,1.59375,315.513671875,-0.7221831804398378,-0.04076267495967345,0.0,1.0
0.030625,0.2049825322842575,-0.25,0.96875,12.88671875,2.13501506183838,6.0294457460538915,0.0,0.0
-0.2859375,0.8616773137136372,-2.1875,1.375,247.2744140625,-0.7041946408889177,0.0163789236579861,0.0,1.0
0.079375,0.4989850375595778,-1.9375,1.375,76.5859375,-0.5275360077475864,4.18994865948756,0.0,1.0
-0.19104166666666667,0.30947571312445327,-0.9375,0.15625,39.681640625,-1.1092820602466391,-0.25811898226969276,0.0,0.0
-0.12072916666666667,0.7899709017474243,-2.1875,1.75,191.5888671875,-0.2583470691028665,0.9451912295127549,0.0,1.0
-0.21364583333333334,1.066534919231889,-2.375,1.5625,354.9423828125,-0.7051717258477076,-0.35889424496292976,0.0,1.0
-0.007395833333333333,0.33058205389530587,-1.625,0.34375,32.8017578125,-3.0395431353620923,10.015962108137423,0.0,0.0
-0.1121875,0.926467322261692,-2.5,1.96875,261.2783203125,-0.31721518178412744,0.931535573389191,0.0,1.0
0.225625,0.591133158821541,-0.40625,1.375,120.103515625,0.9285883167346896,-0.7061493570921802,0.0,0.0
0.12854166666666667,0.5195655820945246,-0.53125,1.375,85.94140625,1.4772817151354622,0.8722054282862941,0.0,0.0
0.06458333333333334,0.2954993713567293,-0.40625,0.53125,27.447265625,0.5380212505229554,-1.2832013791951207,0.0,0.0
0.23708333333333334,0.25200205301191936,-0.28125,0.53125,35.9140625,-0.5320497582738223,-1.1541815130246837,0.0,0.0
-0.025,0.1355207933000197,-0.3125,0.3125,5.697265625,0.35223917191989007,-0.35851398604254525,0.0,0.0
-0.3304166666666667,0.1736685460550899,-0.625,0.03125,41.80078125,0.3221703735626416,-1.1667262615719576,0.0,0.0
-0.26125,0.2552643645974371,-0.8125,0.3125,40.0234375,0.5262613478929856,-0.07553023331284425,0.0,0.0
0.10635416666666667,0.1031754401055417,-0.125,0.3125,6.5869140625,0.06357160687440268,-0.8816964864483663,0.0,0.0
0.036770833333333336,0.07486177946259062,-0.125,0.21875,2.0869140625,0.29165544609933935,-0.6188250901386412,0.0,0.0
-0.1184375,0.6496136922962369,-2.34375,1.21875,130.8076171875,-1.4622418634100387,2.820348980287025,0.0,1.0
0.07854166666666666,0.10925509300358599,-0.21875,0.28125,5.431640625,-0.8158720890038963,0.04568571456329584,0.0,0.0
0.051666666666666666,0.1784805175331159,-0.28125,0.34375,10.357421875,-0.07246427099950688,-1.288878195676631,0.0,0.0
-0.21083333333333334,0.8510807059589329,-1.9375,1.6875,230.63671875,-0.2124665978704394,0.2084990401085629,0.0,1.0
-0.031875,0.1362380537576292,-0.3125,0.3125,5.873046875,0.180308637827636,-0.5884157648516779,0.0,0.0
0.06427083333333333,0.09682520001342053,-0.09375,0.28125,4.0517578125,0.5225894115492044,-0.6574495266496352,0.0,0.0
-0.09020833333333333,0.12836799450754416,-0.4375,0.25,7.384765625,-0.5996666545487437,0.2867718415176026,0.0,0.0
0.06114583333333334,0.18332537269648616,-0.4375,0.3125,11.2041015625,-0.9315374329871441,0.23257543430181649,0.0,0.0
-0.3127083333333333,0.730198644728877,-2.21875,1.53125,189.29296875,-0.21185661152096863,1.2988133639510995,0.0,1.0
0.36666666666666664,0.5924675477516798,-2.21875,1.53125,145.638671875,-2.497573723128314,8.161810570324391,0.0,1.0
-0.012708333333333334,0.27298257791885217,-0.46875,0.5,22.404296875,0.1251700057140114,-0.8641085262847406,0.0,0.0
-0.3492708333333333,0.11778164199471929,-0.59375,0.0,40.7587890625,0.7093267758087319,0.23404044322433215,0.0,0.0
-0.28760416666666666,1.4830252598796059,-2.5625,2.21875,684.6240234375,0.1006653928736931,-1.318739916069783,0.0,1.0
0.85125,0.3887945446076458,0.4375,1.8125,262.736328125,1.0061384561065596,-0.4351636318553673,0.0,0.0
0.10072916666666666,1.6269339820219009,-3.21875,2.71875,797.1181640625,-0.38993521088499594,-0.7135207138395869,1.0,0.0
0.0440625,0.10699143876380951,-0.15625,0.375,4.0166015625,0.3972618823643449,0.20176760714646536,0.0,0.0
0.08927083333333333,0.15523458251188388,-0.1875,0.4375,9.6201171875,0.720274168186431,-0.6272488432011709,0.0,0.0
-0.0421875,0.13417196385764302,-0.375,0.15625,5.9345703125,-0.9932291052782297,-0.10099127650947093,0.0,0.0
-0.06604166666666667,0.08753992144857238,-0.375,0.09375,3.607421875,-1.4067764565230967,2.968968864846043,0.0,0.0
0.0026041666666666665,0.6190259187688661,-1.71875,1.59375,114.9599609375,-0.11035363901762303,1.8991137486737113,0.0,1.0
0.03229166666666667,0.17942387061710105,-0.125,1.15625,9.970703125,4.110112263269098,18.73915201418658,0.0,0.0
0.0017708333333333332,0.03936494029343313,-0.09375,0.09375,0.4658203125,0.15345405444205748,-0.5972459545505666,0.0,0.0
-0.018333333333333333,0.07497279599220566,-0.28125,0.125,1.787109375,-1.0815078743166564,1.3830765154547038,0.0,0.0
-0.024166666666666666,0.04949572091493252,-0.125,0.0625,0.91015625,-0.10843393299366358,-0.9446552218043074,0.0,0.0
0.003125,0.06330214418432707,-0.1875,0.125,1.205078125,-0.477863701188313,-0.1339997531941255,0.0,0.0
0.008020833333333333,0.05838641558021485,-0.1875,0.125,1.0419921875,-0.27110253739305834,0.2881278819816453,0.0,0.0
-0.01,0.6633280988068172,-1.9375,1.6875,132.03125,-0.5480028465627882,2.2705900081002746,0.0,1.0
-0.021979166666666668,0.05174672476887359,-0.125,0.09375,0.9482421875,0.011053229169290782,-0.7662114112356981,0.0,0.0
0.013854166666666667,0.07230479887927371,-0.125,0.15625,1.6259765625,0.15307721901838678,-0.9721968629060695,0.0,0.0
0.0371875,0.0875775326139644,-0.1875,0.1875,2.7158203125,-0.3250090908216012,-0.8940276092551489,0.0,0.0
0.04052083333333333,0.07832467538589327,-0.15625,0.1875,2.3330078125,-0.41412303280539825,-0.1948046515027526,0.0,0.0
-0.03364583333333333,0.06279193969748205,-0.15625,0.125,1.5224609375,0.02864653764009493,-0.7122831863300534,0.0,0.0
0.16979166666666667,0.43913261846192,-0.28125,1.46875,66.5,1.8743414931471238,2.219539562828042,0.0,0.0
0.086875,0.9313504559911914,-2.25,2.125,262.48828125,-0.24877974622512575,0.5968568263144824,1.0,0.0
-0.013020833333333334,0.09087459641894184,-0.1875,0.15625,2.5283203125,0.19544320236281817,-1.0388704102407353,0.0,0.0
0.011770833333333333,0.07422421398015759,-0.125,0.15625,1.6943359375,-0.3053573672804537,-0.6822259046907226,0.0,0.0
-0.006354166666666667,0.06620764828154088,-0.15625,0.125,1.3271484375,-0.2604502113100663,-0.49849955253510103,0.0,0.0
-0.04739583333333333,0.07639579356421108,-0.3125,0.0625,2.4248046875,-1.033200718265681,0.9152776592154308,0.0,0.0
-0.10364583333333334,0.22081552109767758,-0.65625,0.25,17.8505859375,-0.8321565064462662,-0.47772414315784406,0.0,0.0
0.036458333333333336,0.08633274010413945,-0.15625,0.25,2.634765625,-0.10405783247159874,-0.19746574418784668,0.0,0.0
0.04583333333333333,0.10107924558923503,-0.21875,0.1875,3.6953125,-1.124160383535729,0.794454963405804,0.0,0.0
-0.012708333333333334,0.12917993883425638,-0.25,0.65625,5.0546875,1.6400344838872543,6.7867583944315,0.0,0.0
-0.36885416666666665,1.3806882774028462,-2.875,1.9375,612.7060546875,-0.352334359535899,-0.9895142136880271,1.0,0.0
-0.0521875,0.12108894479713386,-0.5,0.1875,5.2158203125,-1.3663133533462555,1.6196749336943492,0.0,0.0
-0.076875,0.11482720260606079,-0.375,0.09375,5.728515625,-0.9229728668718239,-0.08435557347445766,0.0,0.0
-0.00625,0.05699735008460188,-0.15625,0.09375,0.986328125,-0.6322148149833278,0.09196348609041838,0.0,0.0
-0.009375,0.06195071125499691,-0.15625,0.125,1.177734375,-0.5206059421044201,-0.28178881054587634,0.0,0.0
0.0025,0.03802069063900163,-0.09375,0.125,0.435546875,0.024555460436728706,1.5526104527672713,0.0,0.0
0.018020833333333333,0.04660466025666198,-0.09375,0.09375,0.7490234375,-0.2601287216719528,-0.38035894430334416,0.0,0.0
-0.005208333333333333,0.03669565615376779,-0.125,0.09375,0.412109375,-0.26716844978995746,-0.13480979247195535,0.0,0.0
-0.035729166666666666,0.07981172234894794,-0.21875,0.125,2.2939453125,-0.10898523279318156,-0.8908405837432061,0.0,0.0
0.25947916666666665,0.6181273083739618,-0.5625,1.90625,134.8232421875,0.8974537563305666,-0.5102567058403262,0.0,0.0
0.3413541666666667,1.7398732636385632,-3.125,2.8125,943.1044921875,-0.6542122987201097,-0.895259104139237,1.0,0.0
0.43885416666666666,2.0212819814474936,-2.53125,3.15625,1283.4521484375,-0.11149804448307356,-1.5089240870070113,1.0,0.0
-0.3227083333333333,1.3525222226814693,-2.65625,3.15625,580.037109375,0.5815789779777941,0.9074617423363511,0.0,0.0
-0.016354166666666666,0.11423483936306626,-0.4375,0.1875,3.9951171875,-1.2352723111599935,2.661441779121753,0.0,0.0
-0.048854166666666664,0.11367724130613051,-0.40625,0.125,4.5927734375,-1.3748815124699565,1.9370021189908844,0.0,0.0
0.03729166666666667,0.05707687007205478,-0.09375,0.125,1.39453125,-0.2509026842002745,-0.8356644172372656,0.0,0.0
-0.03791666666666667,0.1543883541232592,-0.59375,0.15625,7.58203125,-1.9433800067341078,3.409713107408887,0.0,0.0
-0.029166666666666667,0.08312473893025002,-0.21875,0.15625,2.328125,0.21312770807007256,-0.23587709275018387,0.0,0.0
0.0032291666666666666,0.041995964381182575,-0.09375,0.0625,0.5322265625,-1.13622109312365,-0.130034394973213,0.0,0.0
-0.160625,0.27017620600575964,-0.8125,0.09375,29.638671875,-1.0870074600695607,-0.4423126214067503,0.0,0.0
0.0253125,0.03645104093735413,-0.0625,0.125,0.5908203125,0.09601828159231389,-0.13880619349132362,0.0,0.0
-0.021770833333333333,0.06930168485906786,-0.1875,0.09375,1.5830078125,-0.5006187134492183,-0.9397194681111993,0.0,0.0
-0.052395833333333336,0.06489265642304133,-0.21875,0.0625,2.0869140625,-0.2739689257654733,-0.5608929152084792,0.0,0.0
-0.0015625,0.06837611402200333,-0.15625,0.1875,1.4033203125,0.06570267317530182,-0.3675645753942014,0.0,0.0
0.4113541666666667,0.5438667160015453,-0.15625,1.46875,139.5009765625,0.8085611177154188,-1.0018998401370645,0.0,0.0
-0.099375,0.6047185338720266,-1.96875,1.3125,112.66796875,-1.2102696916705964,2.63897577063796,0.0,1.0
0.10114583333333334,0.27543878740591143,-0.21875,1.3125,25.8291015625,2.928538691020904,8.059452496862795,0.0,0.0
-0.09291666666666666,0.2485359911338575,-0.84375,0.15625,21.12109375,-1.8203748005030285,2.183887077464833,0.0,0.0
-0.0027083333333333334,0.0749945021133031,-0.1875,0.09375,1.689453125,-0.5707733178926993,-0.7154899841858042,0.0,0.0
-0.1459375,0.22635824125800383,-0.78125,0.09375,21.7607421875,-1.3161194020082976,0.5420866739954797,0.0,0.0
-0.2825,0.27173439850952497,-0.78125,0.15625,46.09375,-0.11164798571199192,-1.36249035666913,0.0,0.0
-0.07354166666666667,0.6785653971901963,-2.03125,1.5625,139.7578125,-0.7710780075573921,1.8202675917738524,0.0,1.0
-0.03833333333333333,0.2830531703094354,-0.875,0.84375,24.4765625,-0.7245836761095389,2.0505485057317374,0.0,0.0
-0.0017708333333333332,0.08299482026591914,-0.21875,0.1875,2.0673828125,-0.3735370024310695,-0.3609764191244187,0.0,0.0
-0.011354166666666667,0.06248428621906116,-0.15625,0.125,1.2099609375,-0.004698719097795232,-0.28156026447122073,0.0,0.0
-0.00020833333333333335,0.08322884073778486,-0.1875,0.15625,2.078125,-0.31573625822329665,-0.7689964364582171,0.0,0.0
-0.0415625,0.061827896633181154,-0.1875,0.09375,1.6650390625,-0.04374281425038268,-0.3655838051539302,0.0,0.0
-0.07270833333333333,0.9587996827269095,-2.0,2.34375,277.375,0.3405144350790323,0.851752244168138,0.0,1.0
0.42104166666666665,0.6957665574246549,-0.09375,2.34375,198.41015625,1.6510010730813482,1.1937898129921924,0.0,0.0
0.0840625,0.07131050975896423,-0.09375,0.1875,3.6455078125,-0.3061190063665309,-0.6241760325471413,0.0,0.0
-0.08979166666666667,0.23646420697550732,-0.6875,0.1875,19.193359375,-0.640619223963726,-0.7736717859166613,0.0,0.0
-0.24385416666666668,0.16600189689972086,-0.8125,0.0,26.1064453125,-1.2614077085701776,1.2972285775147565,0.0,0.0
-0.5541666666666667,0.7176909468140789,-2.40625,0.90625,246.654296875,-0.5290356927686862,0.4530953772304325,0.0,1.0
0.19572916666666668,0.12068323112307508,-0.03125,0.84375,15.8623046875,2.1248606214109484,8.289737604192045,0.0,0.0
0.37302083333333336,0.19949314572428853,0.03125,0.6875,53.6826171875,0.16920587187804914,-1.3397624291987544,0.0,0.0
0.25125,0.42455368722145537,-0.53125,0.71875,73.01171875,-0.555001690662508,-1.1427133925549067,0.0,0.0
-0.2528125,0.15130261223372848,-0.625,0.03125,26.0419921875,-0.22890181231610077,-0.7649732619192942,0.0,0.0
-0.13875,0.09291152825851769,-0.3125,0.03125,8.365234375,-0.01622280158223998,-0.9696005537670884,0.0,0.0
-0.08375,0.9799342292980688,-2.1875,2.25,290.185546875,-0.08062319365481645,0.22588310973376924,0.0,1.0
0.2275,0.5225964324887801,-0.5625,2.21875,97.458984375,1.356918319567754,2.850834952517494,0.0,0.0
0.0878125,0.15162069329552832,-0.40625,0.375,9.2099609375,-1.3571266800596777,2.3407713558709524,0.0,0.0
0.031875,0.16824654837965225,-0.40625,0.28125,8.796875,-0.7972580696648665,-0.10866452562290618,0.0,0.0
-0.06760416666666667,0.15454272124876095,-0.4375,0.1875,8.5361328125,-0.0667664798808411,-0.6990006869484433,0.0,0.0
-0.10479166666666667,0.7346354739010967,-2.0,1.46875,165.201171875,-0.6027152266217517,0.887296744729229,0.0,1.0
-0.041666666666666664,0.16190462513124476,-0.4375,0.28125,8.384765625,0.03297610325327483,-0.8753222166066656,0.0,0.0
0.044895833333333336,0.7854259158938155,-1.96875,1.71875,185.6728515625,-0.7459475870523434,0.49346704687100296,0.0,1.0
0.08447916666666666,0.1616826063340526,-0.21875,0.5625,9.9833984375,0.9501556453869997,0.7875229931768173,0.0,0.0
-0.051770833333333335,0.09911123056599366,-0.40625,0.1875,3.7509765625,-0.0983538977304439,0.8379181723118494,0.0,0.0
0.0634375,0.2496138293486227,-0.40625,0.53125,19.8994140625,0.1629958715485174,-1.219392057992531,0.0,0.0
-0.052395833333333336,0.7185906450761603,-1.875,1.71875,155.7353515625,-0.3920197870306484,1.4772036299860263,0.0,1.0
-0.115625,0.34766239460862025,-1.4375,0.25,40.271484375,-2.3796963641859565,5.295563750063813,0.0,0.0
0.101875,0.5681307297107476,-1.4375,1.46875,99.9453125,-0.2870114733453108,0.7860791614495706,0.0,1.0
-0.06604166666666667,0.0962200079534166,-0.21875,0.28125,4.0859375,1.167884419381925,1.4025233817756178,0.0,0.0
-0.017291666666666667,0.07043731206225544,-0.15625,0.15625,1.578125,0.433981899523658,0.1737691018317964,0.0,0.0
0.13416666666666666,0.12814007363905416,-0.0625,0.4375,10.326171875,0.5933949967251537,-0.8746743032935762,0.0,0.0
0.013020833333333334,0.0965369887192066,-0.15625,0.375,2.8466796875,0.4652439769972739,0.7585044651268342,0.0,0.0
-0.04010416666666667,0.10258565822913822,-0.21875,0.1875,3.6396484375,0.4850547501761379,-0.6575773365708071,0.0,0.0
-0.084375,0.06417038679692266,-0.21875,0.0625,3.37109375,0.2954245848855016,-0.4223143620428371,0.0,0.0
-0.0475,0.18033966794172968,-1.21875,0.15625,10.43359375,-3.7862460924111745,17.408314095184828,0.0,0.0
0.1221875,1.0664152281368096,-1.6875,2.78125,345.6513671875,0.6292026344652818,0.23823525201852336,0.0,1.0
0.0578125,0.4805875107290555,-1.09375,1.5,70.2919921875,0.8005884887510446,1.9141815088061866,0.0,1.0
0.01125,0.06617133694684832,-0.09375,0.21875,1.3515625,1.0607404686428028,0.5678648988451771,0.0,0.0
0.0171875,0.05951874048356535,-0.125,0.21875,1.1513671875,0.8855561168126622,1.3799299990833083,0.0,0.0
0.06541666666666666,0.7366595375786262,-1.8125,2.125,164.083984375,0.15140721107578547,1.7420256195022645,0.0,1.0
0.2128125,0.7577081543281796,-1.59375,1.875,185.8232421875,0.007497929739299387,0.23899735248023468,0.0,1.0
0.17197916666666666,0.5165584879188146,-0.3125,1.875,88.9228515625,2.0152272282054926,2.79064412453556,0.0,1.0
-0.019791666666666666,0.06285489517310662,-0.1875,0.09375,1.302734375,-0.17607607809720865,-0.7808438500730301,0.0,0.0
0.010416666666666666,0.0734356530500607,-0.125,0.15625,1.650390625,-0.014327457670726658,-0.8846519762437799,0.0,0.0
0.025416666666666667,0.08396014266040497,-0.15625,0.15625,2.30859375,-0.34432180645443294,-0.6863407183826458,0.0,0.0
-0.0621875,0.12475196746110526,-0.40625,0.15625,5.8291015625,-0.5336091911169182,-0.07621815914693864,0.0,0.0
-0.02875,0.10819422158014416,-0.34375,0.1875,3.759765625,-0.3902856009911369,-0.48343806525084565,0.0,0.0
0.09895833333333333,0.2508427635270527,-0.5625,0.5,21.814453125,-1.05881463644704,0.7375682252704201,0.0,0.0
-0.09447916666666667,0.19889699643527103,-0.5625,0.34375,14.5458984375,-0.07504016997133194,0.26803146462282257,0.0,0.0
-0.08447916666666666,0.1660332690787368,-0.46875,0.21875,10.4111328125,-0.18370998467592745,-1.0266741924370728,0.0,0.0
-0.0010416666666666667,0.2834156589955624,-0.65625,0.625,24.09765625,0.2305077779136784,-0.29704732000762624,0.0,0.0
0.9025,0.7102066527309733,-0.15625,1.8125,395.669921875,-0.27381533190475904,-1.6282731351487991,0.0,0.0
1.3713541666666667,0.4851469543079762,0.625,2.4375,634.7939453125,0.32855603415238654,-0.8598360605225839,0.0,0.0
-0.9890625,1.5058201431065452,-3.09375,2.21875,973.7216796875,0.6537106779807889,-0.799440939930355,1.0,0.0
-1.6177083333333333,1.9621828852956653,-4.28125,2.5,1940.142578125,0.7929750731384527,-0.4898489179523233,0.0,1.0
0.8072916666666666,0.7477563372720794,0.0,2.5,363.2578125,0.6912544842120176,-0.8735065293750077,0.0,0.0
0.013020833333333334,0.24374276609636142,-0.59375,0.40625,17.8740234375,-0.7967826939443845,-0.25083981279435985,0.0,0.0
-0.07677083333333333,0.3345669068975176,-1.59375,0.40625,35.3486328125,-2.04923842414115,5.292850016333993,0.0,0.0
-0.42833333333333334,1.185541403806248,-2.75,1.5625,476.693359375,-0.28417686403064707,-0.9777389264766065,0.0,1.0
0.12208333333333334,0.4708888241636472,-0.5,1.5625,70.9921875,1.617562397468264,1.8296264534094258,0.0,1.0
0.014375,0.20199622263382386,-0.4375,0.40625,12.302734375,0.10702280908150705,-0.5426666610930333,0.0,0.0
0.051041666666666666,0.16275687496146585,-0.34375,0.375,8.728515625,0.06470136285901334,-0.3762188410143059,0.0,0.0
0.0375,0.726327807077034,-1.15625,1.34375,158.6875,0.3952837193708397,-0.7829224630755691,0.0,0.0
0.39791666666666664,1.0667602498010298,-2.03125,1.53125,388.89453125,-1.1182767360389931,-0.010358336956421965,1.0,1.0
0.06447916666666667,0.24543883866312918,-0.5625,0.46875,19.3193359375,-0.448305990772647,-0.8629686806868886,0.0,0.0
-0.063125,0.19577137761089253,-0.5625,0.34375,12.693359375,0.14843395930653694,-0.6223951824306555,0.0,0.0
-0.029895833333333333,0.23114043481753446,-1.15625,0.34375,16.2958984375,-1.4876346057365961,4.792182205611978,0.0,0.0
0.1975,0.8172005057919792,-2.125,1.78125,212.046875,-0.905321998670062,0.9952339672348325,0.0,1.0
0.03145833333333333,0.08923113907462774,-0.125,0.28125,2.685546875,0.7063137705926773,0.36891900575317393,0.0,0.0
-0.012083333333333333,0.03202917506829602,-0.09375,0.0625,0.3515625,-0.08385822943323844,0.45767872586430425,0.0,0.0
-0.011770833333333333,0.05155260847883667,-0.15625,0.09375,0.8388671875,-0.5051700472671218,0.028417194236448395,0.0,0.0
0.0084375,0.05849484708430877,-0.1875,0.09375,1.0478515625,-0.6202257323380478,0.11101112693485282,0.0,0.0
-0.025104166666666667,0.0707888187331791,-0.1875,0.125,1.6923828125,-0.4317407892294154,0.1524513643649983,0.0,0.0
-0.04760416666666667,0.09660305692698803,-0.28125,0.15625,3.4794921875,-0.18607784447402134,-0.6541157989004405,0.0,0.0
-0.0240625,0.11587992730444446,-0.3125,0.25,4.2021484375,-0.08845017379633639,-0.1546371790875778,0.0,0.0
-0.010625,0.11904185625932866,-0.3125,0.25,4.28515625,0.11615183285947714,-0.39109237740227165,0.0,0.0
-0.020520833333333332,0.09956998472250003,-0.375,0.15625,3.1005859375,-1.0199934807383924,0.7481702847028338,0.0,0.0
-0.027604166666666666,0.06777040424087953,-0.21875,0.09375,1.6064453125,-0.6462202130007767,-0.19295864465136603,0.0,0.0
0.0240625,0.1001484900139954,-0.21875,0.25,3.1826171875,0.05556163114557767,-0.05633425303574224,0.0,0.0
-0.02125,0.07674362079895197,-0.28125,0.15625,1.90234375,-0.43093481530032696,0.6452882495577716,0.0,0.0
-0.1059375,1.1204499566998742,-3.0,1.9375,379.9892578125,-0.8523937089262102,0.8014428685183215,1.0,0.0
-0.3879166666666667,0.8581046418642012,-3.0,0.1875,266.046875,-2.0010662543124136,2.582427595319742,0.0,0.0
-0.0703125,0.10792566524580703,-0.34375,0.09375,4.9775390625,-0.6644018372003444,-0.2868672125278655,0.0,0.0
-0.05125,0.10766702141324427,-0.28125,0.15625,4.265625,-0.4671833766742594,-0.7174463311460229,0.0,0.0
-0.014791666666666667,0.08755181997283412,-0.28125,0.15625,2.365234375,-1.3497004146053024,1.4750695515593044,0.0,0.0
-0.0010416666666666667,0.10848847064959893,-0.28125,0.21875,3.53125,0.03900315562798178,-0.4638540187469191,0.0,0.0
-0.049479166666666664,0.09133908085245998,-0.25,0.125,3.2373046875,0.11876252936642402,-0.48540088792854963,0.0,0.0
-0.012395833333333333,0.07088991306459302,-0.21875,0.125,1.5537109375,-0.5080307399568607,0.8295335681133711,0.0,0.0
0.018958333333333334,0.2409804373399541,-1.46875,0.1875,17.529296875,-3.904978678617556,16.1812932720615,0.0,0.0
-0.1684375,0.7576376946153639,-2.4375,1.3125,180.7158203125,-1.2021329282234579,1.8077404261730656,0.0,1.0
-0.36114583333333333,0.7025206584917193,-2.4375,0.0625,187.1884765625,-2.0338325355502818,2.5306931633949867,0.0,0.0
-0.17927083333333332,0.9067638569519109,-2.4375,1.65625,256.3076171875,-0.8081443387780506,0.8097285170097557,0.0,1.0
0.030520833333333334,0.05463052587737819,-0.09375,0.1875,1.1748046875,0.24531082430911763,-0.2195576389178031,0.0,0.0
0.020104166666666666,0.08269619715746038,-0.125,0.25,2.1728515625,0.46093238708778006,-0.7414945734877536,0.0,0.0
-0.044270833333333336,0.14264654227952936,-0.375,0.15625,6.6923828125,-0.6329282199404986,-0.6741402355627306,0.0,0.0
-0.028229166666666666,0.1136543305714256,-0.3125,0.15625,4.1142578125,-0.709256231405544,0.3180228828154652,0.0,0.0
-0.08333333333333333,0.20709004013284227,-0.59375,0.21875,14.94921875,-0.7926491101168908,-0.18924762409747098,0.0,0.0
0.04697916666666667,0.09757803812490573,-0.28125,0.21875,3.5185546875,-0.6551853037771157,0.9628524830793834,0.0,0.0
0.020729166666666667,0.11352250411690286,-0.25,0.25,3.9951171875,-0.029826711050910986,-0.2660794016916679,0.0,0.0
-0.2811458333333333,0.8587876717739794,-2.34375,1.8125,244.9677734375,-0.39407655176426076,1.0892501677717394,0.0,1.0
-0.043020833333333335,0.8113502214565784,-1.84375,1.90625,198.0419921875,0.38929237122641996,0.4101652765891335,0.0,1.0
0.22635416666666666,0.4894832676993555,-0.28125,1.90625,87.2490234375,2.1184899864991595,3.6651116910052393,0.0,0.0
-0.47854166666666664,1.094583828987326,-3.125,1.625,428.134765625,-0.5587245909199301,-0.00885043734265123,0.0,1.0
0.10302083333333334,0.6816622335201201,-1.875,1.59375,142.5830078125,-0.49427112497062187,1.1397084642341735,0.0,1.0
0.060520833333333336,0.03598487215908312,-0.03125,0.15625,1.4873046875,-0.7932042362945211,0.02076482873898744,0.0,0.0
0.0478125,0.09040436504256859,-0.21875,0.21875,3.1376953125,-0.9254250958695339,0.6304873545901906,0.0,0.0
0.039375,0.128818246475412,-0.21875,0.3125,5.443359375,0.11975525015311023,-0.9932253931934332,0.0,0.0
-0.09958333333333333,0.1454557612204557,-0.4375,0.21875,9.322265625,-0.48816496745667515,-0.49854009925671194,0.0,0.0
-0.12125,0.14803047265118535,-0.40625,0.25,10.984375,0.1714159232864689,-0.6312311653419749,0.0,0.0
-0.20583333333333334,0.09707215600893092,-0.46875,0.0625,15.537109375,0.4950334197562365,0.35238688267812535,0.0,0.0
-0.0678125,0.1616597869562805,-0.53125,0.25,9.2197265625,-0.966329573642639,0.7261416746106968,0.0,0.0
-0.07520833333333334,0.7268394110901588,-2.21875,1.5625,160.185546875,-1.0892255819620873,1.7513190985173406,0.0,1.0
0.011041666666666667,0.6968365709384248,-2.21875,1.5625,145.7109375,-1.2803988586706545,3.0221268335179,0.0,1.0
-0.2559375,0.6315597682606269,-2.375,0.4375,139.3115234375,-2.1622397371106974,3.4849423235841135,0.0,0.0
-0.06333333333333334,0.7756251398961285,-2.375,1.5,181.681640625,-1.2719980361292547,1.915797921514268,0.0,1.0
-0.1575,0.6514994723712368,-2.25,1.21875,134.77734375,-1.4859360985124472,2.571611537796821,0.0,1.0
-0.171875,0.616190518596589,-2.25,1.21875,122.76953125,-1.400143957358903,3.3556787308226292,0.0,1.0
-0.129375,0.621752291076063,-2.03125,1.3125,120.994140625,-0.8854820127867766,2.0335429759924004,0.0,1.0
0.058125,0.11244385172905928,-0.1875,0.3125,4.806640625,-0.36361618264459983,-0.7982149807622152,0.0,0.0
-0.17072916666666665,0.9708119800495041,-2.5,1.75,291.4873046875,-0.6765808875178431,0.5095987201819385,0.0,1.0
-0.1090625,0.5573402529443602,-2.0625,0.96875,96.7568359375,-1.6674678705592554,3.308099991868554,0.0,1.0
-0.021041666666666667,0.09839179935622457,-0.25,0.21875,3.037109375,-0.0013845605972961357,-0.20373751608015,0.0,0.0
-0.056875,0.19467420701007107,-0.5625,0.21875,12.33984375,-0.9916737791505641,0.015497364769784916,0.0,0.0
-0.13635416666666667,0.32868205030237385,-0.65625,0.375,37.9873046875,0.1617022081040091,-1.621545098058645,0.0,0.0
0.28229166666666666,0.14993126318601985,-0.09375,0.59375,30.650390625,-0.20688686515724458,-0.007652300169492143,0.0,0.0
-0.004791666666666666,0.1602300050361632,-0.28125,0.4375,7.708984375,0.9846154497151385,0.4384889292596288,0.0,0.0
-0.14052083333333334,0.09173168858672678,-0.34375,0.0625,8.4482421875,-0.21647236347550627,-0.7155688309949015,0.0,0.0
-0.154375,0.10534108786065705,-0.53125,0.03125,10.478515625,-0.38235157861812324,-0.26984121448100673,0.0,0.0
0.19947916666666668,1.0977055210867375,-1.8125,2.4375,373.4248046875,0.09827150445696098,-0.7519310226116946,0.0,1.0
0.486875,0.9336885717188219,-1.78125,2.4375,332.646484375,-0.19372608142639225,0.2841443506636616,0.0,1.0
0.5464583333333334,0.6587130036522396,-1.78125,2.03125,219.755859375,-0.9779369769187586,2.85099297935548,0.0,0.0
-0.018958333333333334,0.10510390857252752,-0.28125,0.21875,3.421875,-0.18124550417544466,-0.3326786713108687,0.0,0.0
-0.25625,0.9148158398461044,-2.0625,1.875,270.765625,-0.05476306207808812,0.3286080816317738,0.0,1.0
0.2863541666666667,0.6202449235511502,-1.75,1.875,140.0107421875,0.4283744281686414,0.5294112790226451,0.0,1.0
-0.0471875,0.04996646010492105,-0.1875,0.0625,1.4169921875,0.3557442259193627,-0.17782938138922466,0.0,0.0
0.08708333333333333,0.12453489861168325,-0.125,0.40625,6.927734375,0.6253974405468943,-0.3350769303701373,0.0,0.0
0.0725,0.13503086067019396,-0.125,0.53125,7.046875,1.2298833061547252,1.3928552268818049,0.0,0.0
0.129375,0.5571625239775195,-1.5625,1.5,98.150390625,-0.5783293494157774,1.8444264546200237,0.0,1.0
0.15072916666666666,0.7925303060604721,-1.9375,2.0625,195.2470703125,-0.228794093631839,1.172187779634501,0.0,1.0
-0.019375,0.06843393255542166,-0.15625,0.125,1.517578125,-0.11634710957092988,-0.43708029382537683,0.0,0.0
-0.022604166666666668,0.09203353432837523,-0.21875,0.15625,2.6943359375,0.1384484305622655,-0.8097896917684024,0.0,0.0
0.04791666666666667,0.09137025941495161,-0.15625,0.25,3.193359375,-0.16869302757492657,-0.6022260078088246,0.0,0.0
0.06166666666666667,0.0835372505067184,-0.09375,0.25,3.234375,0.029578767456463102,-0.742148885056714,0.0,0.0
-0.30645833333333333,0.3260239611805993,-0.8125,0.1875,60.0625,0.09621711078528847,-1.4852261312032184,0.0,0.0
-0.5327083333333333,0.6777513051239534,-2.53125,1.4375,222.9375,-0.05393897157915699,2.463686895493068,0.0,1.0
-0.0890625,0.7628163833029654,-2.53125,1.71875,176.9462890625,-0.566758268710782,1.786548163154336,0.0,1.0
-0.08677083333333334,0.1801333839806091,-0.5625,0.15625,11.9931640625,-0.7172301939763984,-0.15921005954429335,0.0,0.0
0.008020833333333333,0.09030541110202397,-0.25,0.15625,2.4658203125,-1.283378761888789,1.4256797312555856,0.0,0.0
0.056354166666666664,0.11306853831919332,-0.0625,0.5,4.7880859375,2.403255012202279,5.808825795097706,0.0,0.0
0.0715625,0.1523232625112899,-0.125,0.5,8.4970703125,1.3354128483429648,1.0752572163110008,0.0,0.0
0.0128125,0.04516210674245242,-0.09375,0.09375,0.6611328125,-0.3272819149791531,-0.7300053873587942,0.0,0.0
-0.049166666666666664,0.06217066005940602,-0.1875,0.09375,1.884765625,0.12735407086698933,-0.39092391054635867,0.0,0.0
-0.05291666666666667,0.09360729880136959,-0.28125,0.15625,3.46875,-0.1851771310385365,-0.08028865560219511,0.0,0.0
-0.0010416666666666667,0.06106868002958272,-0.1875,0.1875,1.119140625,-0.03100785486797107,0.35463379274084295,0.0,0.0
-0.02375,0.07857619709555813,-0.25,0.09375,2.021484375,-0.8256725726637459,0.3821191333761549,0.0,0.0
-0.014375,0.08150041538748949,-0.15625,0.1875,2.0546875,0.5041841412627694,-0.06746541463227285,0.0,0.0
-0.006666666666666667,0.06737127643802579,-0.15625,0.09375,1.375,-0.837214743965525,-0.6658234811500643,0.0,0.0
-0.017708333333333333,0.07834690706864071,-0.1875,0.15625,1.935546875,0.16757539885005024,-0.3752527252580027,0.0,0.0
-0.0703125,0.12580793583375413,-0.375,0.1875,6.2314453125,-0.31967909239792935,-0.6512777791696642,0.0,0.0
0.024375,0.0745096819771319,-0.21875,0.1875,1.84375,-0.5457389274063409,1.198542759923396,0.0,0.0
-0.08416666666666667,0.7430138747396011,-2.125,1.71875,167.74609375,-0.7915967833357965,1.7611583858537028,0.0,1.0
-0.014583333333333334,0.10629084182353414,-0.1875,0.21875,3.453125,-0.10288844443131963,-0.9286695852727043,0.0,0.0
-0.22104166666666666,0.8403294606465702,-2.125,1.5625,226.50390625,-0.7376248880172027,0.5801721121393575,0.0,1.0
0.0278125,0.9195988319472519,-2.34375,2.0625,253.9306640625,-0.5301836568667752,0.881419997415231,0.0,1.0
-0.012291666666666666,0.29479858649122154,-1.25,1.21875,26.1171875,0.2016151435353328,7.505953373679111,0.0,0.0
0.075625,1.1582008879615833,-2.15625,2.09375,404.14453125,-0.245202954331243,-0.9468037331433901,0.0,1.0
0.2811458333333333,0.3570941965237915,-0.15625,1.40625,61.9677734375,0.8161660512374088,-0.5285609737243284,0.0,0.0
-0.07208333333333333,0.46949172797706346,-1.65625,1.25,67.685546875,-0.6809703391495442,3.4430919821414703,0.0,1.0
-0.0109375,0.05097519055465446,-0.09375,0.09375,0.8154296875,0.4254823987001908,-0.7573462894334408,0.0,0.0
-0.13614583333333333,0.8172872522503775,-2.03125,1.8125,205.9482421875,-0.4662234972741319,0.9724918678988406,0.0,1.0
-0.005208333333333333,0.8439923777384223,-2.25,2.0625,213.705078125,-0.2522213606965453,1.501476913668479,0.0,1.0
0.20447916666666666,0.5416339232891888,-0.1875,2.0625,100.5537109375,2.1953650856290676,3.5445288816374836,0.0,1.0
-0.08677083333333334,0.6436186068039872,-2.15625,1.5,126.5322265625,-0.9754418537823816,2.774657509028878,0.0,1.0
0.043541666666666666,0.7034503568226325,-1.9375,1.96875,149.021484375,-0.03709091715723664,2.087969842197581,0.0,1.0
0.06604166666666667,0.6204473422570919,-1.9375,1.96875,116.794921875,0.20277217934902425,4.164508203476259,0.0,1.0
-0.038125,0.060474469475418575,-0.25,0.0625,1.533203125,-0.8441541423940754,0.724895292604542,0.0,0.0
-0.19697916666666668,0.9256145844469891,-2.40625,1.625,268.6689453125,-0.7647849275271462,0.7024296051657886,0.0,1.0
0.02666666666666667,0.07834441410989186,-0.15625,0.15625,2.0546875,-0.5431257971681418,-0.1436658990895907,0.0,0.0
0.0325,0.5505250807940846,-1.75,1.625,91.240234375,-0.3715221738546455,2.931533038500679,0.0,1.0
-0.629375,0.7643508104648894,-1.875,0.53125,294.103515625,-0.4165696935031548,-1.5105422388064325,0.0,1.0
0.0265625,0.8869464419486763,-1.8125,1.625,236.2138671875,-0.28162512386045074,-0.7288047942238776,0.0,1.0
-0.0646875,0.1261861688884721,-0.40625,0.15625,6.0322265625,-1.018321682312749,0.4960912751750368,0.0,0.0
0.016145833333333335,0.060243555873682915,-0.09375,0.1875,1.1669921875,0.7758246637707729,0.28076344313386814,0.0,0.0
-0.04635416666666667,0.7785388722521432,-1.96875,1.34375,182.4814453125,-0.6452620006535209,0.7462624035986289,0.0,1.0
0.11708333333333333,0.6955980141016953,-1.71875,1.375,149.26953125,-0.25448661780535914,0.44050521297467116,0.0,1.0
0.0390625,0.4793531679622204,-1.71875,1.375,69.3916015625,-0.9827244118687861,5.132054426562256,0.0,1.0
-0.14739583333333334,0.45677380272695023,-1.875,0.125,69.1103515625,-2.5967745290011397,5.629768421692534,0.0,1.0
-0.00625,0.6639969330375957,-1.875,1.9375,132.279296875,-0.07095151222134763,2.3781120240097255,0.0,1.0
-0.039375,0.079870500655749,-0.25,0.125,2.37890625,-0.40172512392172205,0.14233375259472147,0.0,0.0
-0.11083333333333334,0.6814610401963971,-1.96875,1.46875,143.001953125,-0.890913070754562,1.6775439394903033,0.0,1.0
-0.06822916666666666,0.7855359864603948,-1.9375,1.84375,186.5166015625,-0.31206236122349396,1.0496216093290123,0.0,1.0
0.0709375,0.3222597316380324,-0.28125,1.59375,32.6650390625,2.6372605335399517,7.651821348495105,0.0,0.0
0.0278125,0.09552776238045496,-0.28125,0.21875,2.9697265625,-1.0987094427499111,1.4148492035878792,0.0,0.0
-0.04020833333333333,0.11085819739899958,-0.40625,0.15625,4.171875,-1.0111428103455842,1.1913023534340095,0.0,0.0
-0.029895833333333333,0.0816982161635464,-0.25,0.09375,2.2705078125,-0.9057999813769776,0.24536550222726872,0.0,0.0
-0.1475,0.6554371950588909,-2.1875,1.4375,135.40625,-0.961634233575952,2.6432497711047063,0.0,1.0
-0.2334375,0.5174076822346347,-1.90625,0.59375,96.6611328125,-1.7620729061700935,2.204901934899053,0.0,1.0
-0.133125,0.7143108384718332,-1.8125,1.4375,158.388671875,-0.41456115036768626,0.2379128828035304,0.0,1.0
-0.08385416666666666,0.6265733235418706,-1.8125,1.4375,119.8876953125,-0.6542257027153262,1.8171146182992075,0.0,1.0
-0.516875,0.5819790454775842,-1.875,0.09375,181.7578125,-1.1498662409073985,0.24702639269887916,0.0,1.0
-0.029166666666666667,0.8415029234286051,-1.875,1.4375,212.693359375,-0.8891927000580274,0.19270934247026572,0.0,1.0
-0.15447916666666667,0.46743578500970473,-1.96875,0.34375,72.7080078125,-2.5979558670363203,5.780967247335431,0.0,1.0
-0.0959375,0.5760506987688526,-1.96875,1.25,102.3115234375,-0.9481643144654144,2.6799659163401834,0.0,1.0
-0.07104166666666667,0.5626666034137998,-1.9375,1.34375,96.4921875,-0.9226017044695851,3.086333428389267,0.0,1.0
-0.04645833333333333,0.12314967321876615,-0.65625,0.09375,5.197265625,-2.079711747379391,4.6926347162525905,0.0,0.0
-0.135,0.9269146850348922,-2.09375,1.8125,263.21875,-0.042029424346288216,-0.3901513305483877,0.0,1.0
0.39760416666666665,1.3256632045348617,-2.125,3.15625,574.6416015625,-0.16336777138017164,-0.6886412174501921,0.0,1.0
0.2728125,0.377841362283278,-0.28125,1.25,65.1572265625,1.1162758582691965,0.4600815328231924,0.0,0.0
-0.07770833333333334,0.09998285443292543,-0.28125,0.125,4.810546875,0.13538064046862078,-0.7433775429045246,0.0,0.0
-0.14552083333333332,0.40980669297565026,-1.6875,0.125,56.7353515625,-2.5824855561630313,5.583887176043778,0.0,0.0
-0.35052083333333334,0.9225913824337252,-2.28125,1.4375,292.2119140625,-0.4041868096094989,-0.7100168036785783,0.0,1.0
-0.001979166666666667,0.059670227285519496,-0.15625,0.15625,1.0693359375,-0.050323224268058166,-0.23216478032992516,0.0,0.0
0.0015625,0.06590342721550982,-0.15625,0.1875,1.3037109375,0.4928632904407362,0.4548961543407706,0.0,0.0
-0.07458333333333333,0.6784037125651821,-2.34375,1.59375,139.73828125,-1.0589614618469043,2.9940713705936854,0.0,1.0
0.015416666666666667,0.563376015394889,-2.34375,1.59375,95.2890625,-1.1885026036749733,6.855888619780776,0.0,1.0
-0.26916666666666667,0.6442179394212972,-2.3125,1.0625,146.240234375,-1.9628072810811321,2.9030559834203045,0.0,0.0
-0.11989583333333333,0.748877190493189,-2.3125,1.375,172.5576171875,-1.3413463522368199,1.9930111374687565,0.0,1.0
-0.0209375,0.10452537196975989,-0.28125,0.25,3.4091796875,-0.049753540475030514,-0.18364424317042394,0.0,0.0
0.012395833333333333,0.11628187100449303,-0.28125,0.21875,4.1025390625,-0.40958815957822675,-0.5296742390364111,0.0,0.0
-0.023854166666666666,0.06908527779229731,-0.15625,0.125,1.6025390625,0.1622846698970499,-0.8481952297889608,0.0,0.0
-0.015625,0.07837460127490282,-0.21875,0.15625,1.916015625,-0.15213714902936087,-0.32579535487980316,0.0,0.0
-0.09385416666666667,0.8483804206295893,-2.5625,1.46875,218.5673828125,-0.4688564908602098,0.6574970864554444,0.0,1.0
-0.0021875,0.7965533051646638,-2.5625,1.78125,190.3505859375,-1.0464121586568018,2.3407442863324928,0.0,1.0
-0.0075,1.4974443506632669,-2.71875,2.25,672.71875,-0.331998361392071,-0.8524837307657882,0.0,1.0
0.07958333333333334,0.7644705298258542,-1.75,1.59375,177.224609375,-0.609821249936409,0.5518384918190491,0.0,1.0
-0.3071875,0.36519441347783055,-0.9375,0.21875,68.3193359375,-0.06744805477057862,-1.534672007603898,0.0,0.0
-0.32958333333333334,0.6500108839900726,-1.84375,1.3125,159.341796875,0.11392027891087644,0.44212788778188417,0.0,1.0
0.05125,0.15676083163001317,-0.3125,0.375,8.16015625,-0.1875664296438484,-0.43054261415279527,0.0,0.0
0.10833333333333334,0.9217755360655266,-2.59375,2.09375,258.421875,-0.9592338877236669,1.7810108255496226,0.0,1.0
-0.10458333333333333,0.34329490076155933,-0.625,0.5,38.63671875,0.23347454864396266,-1.3231138915545833,0.0,0.0
0.034375,0.329224348848927,-0.46875,0.8125,32.87109375,0.18229888370023922,-1.248375608230883,0.0,0.0
0.371875,0.44592702481273033,-0.21875,1.3125,101.142578125,0.5371999858556934,-0.9168969925631818,0.0,0.0
-0.043645833333333335,0.08314686168244048,-0.25,0.1875,2.6455078125,0.058937303214661466,-0.2574072778537251,0.0,0.0
-0.08833333333333333,0.0579878160095339,-0.25,0.0625,3.349609375,-0.2226162422440887,-0.2067104198552796,0.0,0.0
-0.012083333333333333,0.07228476191809416,-0.1875,0.125,1.611328125,-0.15693635436179126,-0.726895387692982,0.0,0.0
0.12145833333333333,0.5974014548558523,-1.21875,2.125,111.4921875,1.4519368825513346,3.571856298647945,0.0,1.0
0.5446875,0.6671894028075911,-1.21875,2.125,222.5478515625,-0.25923874420489645,0.3249323733899665,0.0,1.0
-0.03947916666666667,0.06124247048390702,-0.21875,0.125,1.5927734375,-0.15822941334952972,0.9356102219887981,0.0,0.0
-0.0032291666666666666,0.10464157367400503,-0.25,0.21875,3.2880859375,-0.017746449808924782,-0.34982662882222826,0.0,0.0
0.0065625,0.11841743453598096,-0.1875,0.25,4.2197265625,0.2527816042599008,-1.151934188504499,0.0,0.0
0.012708333333333334,0.060981198719131643,-0.09375,0.15625,1.1640625,0.2736847712759228,-0.8966753775851339,0.0,0.0
0.25854166666666667,0.6750231156021416,-1.46875,1.9375,156.75,-0.11502365206607669,0.6106842433946698,0.0,1.0
0.0775,0.19843856627010117,-0.15625,0.625,13.615234375,1.5193959827873287,1.258408716860215,0.0,0.0
-0.008958333333333334,0.10005445565901712,-0.15625,0.21875,3.02734375,0.626200703424894,-0.5878906225244815,0.0,0.0
0.009270833333333334,0.7125242061555794,-1.65625,2.125,152.3330078125,0.5035096206982103,2.0151279415852645,0.0,1.0
0.5302083333333333,1.0435217855962033,-2.0625,2.25,411.017578125,-0.8429799733680509,-0.09719604507421353,0.0,1.0
0.2810416666666667,0.8167915242564789,-1.75,2.125,223.83984375,-0.238760590857034,-0.5095549401229809,0.0,1.0
0.9473958333333333,0.7269301638449452,-1.75,1.84375,427.7958984375,-1.383940394901892,2.234078930472495,0.0,1.0
-0.035,1.6640712343276254,-2.625,2.9375,831.107421875,-0.11965505970093909,-1.2978275702343143,1.0,0.0
-0.1625,0.5360384683801465,-2.625,0.15625,94.123046875,-3.175123012159681,9.399880921910079,0.0,0.0
-0.015,0.0661654334477855,-0.1875,0.0625,1.380859375,-1.124561281770726,0.6050209398140276,0.0,0.0
-0.09354166666666666,0.5065263734633063,-1.78125,1.09375,79.595703125,-1.1579086209941378,2.8623466667802866,0.0,1.0
-0.031145833333333334,0.10459801316296065,-0.28125,0.40625,3.5732421875,0.26804147440367987,1.4905480145375911,0.0,0.0
-0.024479166666666666,0.17426292570224325,-1.125,0.15625,9.2900390625,-3.334861932166235,15.100752725792908,0.0,0.0
0.12010416666666666,0.950728949819193,-1.9375,2.1875,275.4931640625,-0.2964819689674145,0.20079228490976808,0.0,1.0
0.14885416666666668,0.1877446031829026,-0.09375,0.8125,17.2216796875,1.0850226940222953,0.9871410116650732,0.0,0.0
0.0053125,0.04869153812950117,-0.09375,0.09375,0.7197265625,-0.09333731883452058,-0.5916484153085761,0.0,0.0
-0.0084375,0.04379201851270008,-0.09375,0.15625,0.5966796875,1.0757364569298284,1.6493249273092152,0.0,0.0
-0.0209375,0.06708034090116619,-0.21875,0.09375,1.4814453125,-0.23533010126234952,-0.5505015853742492,0.0,0.0
-0.020416666666666666,0.09464755528920027,-0.28125,0.125,2.8125,-0.8751802475940577,0.4489891417396943,0.0,0.0
-0.07760416666666667,0.1646780779510099,-0.71875,0.125,9.9423828125,-1.9555016477204623,4.274122394134904,0.0,0.0
0.17541666666666667,1.127189921022875,-1.625,2.78125,390.3984375,0.7327502317242209,-0.3102681210616791,0.0,1.0
0.405,0.6949349864675591,-0.09375,2.6875,194.087890625,1.7524886245401434,1.80302957164258,0.0,0.0
-0.010416666666666666,0.08795763263576896,-0.21875,0.15625,2.353515625,-0.412322911438014,-0.5073814493015889,0.0,0.0
-0.017395833333333333,0.08941426633544311,-0.25,0.15625,2.4892578125,-0.6639300104041644,0.4147656157696624,0.0,0.0
0.050520833333333334,0.06650982527145059,-0.125,0.1875,2.0927734375,-0.1947814286278561,-0.6790550354443705,0.0,0.0
-0.025833333333333333,0.1434891957798759,-0.375,0.1875,6.376953125,-0.7538200121988476,-0.37247554125722093,0.0,0.0
-0.0796875,0.12484691146393384,-0.375,0.125,6.5810546875,-0.7281133104923924,-0.3565239607283348,0.0,0.0
-0.11260416666666667,0.11498693124715907,-0.375,0.09375,7.7705078125,-0.24042091539433214,-0.7705143596188271,0.0,0.0
-0.09125,0.19780764541173157,-0.75,0.15625,14.236328125,-1.3437425443382398,1.6532326686107668,0.0,0.0
0.0109375,0.10894633259278014,-0.28125,0.1875,3.5966796875,-0.8782685366416138,-0.2906932644203031,0.0,0.0
0.028541666666666667,0.09294352190383626,-0.21875,0.1875,2.8359375,-0.41073503516041093,-0.4620813151858063,0.0,0.0
0.005208333333333333,0.49755805600675607,-1.5625,1.40625,74.27734375,-0.1399681944783052,2.9630853145552987,0.0,1.0
-0.023541666666666666,0.08730906747806261,-0.25,0.1875,2.453125,-0.3624554757619508,-0.09683119160586973,0.0,0.0
-0.030416666666666668,0.09885059925069863,-0.25,0.09375,3.208984375,-0.20832903823749208,-1.119167789087233,0.0,0.0
0.028958333333333332,0.08611981922814799,-0.1875,0.125,2.4765625,-0.8658642086032461,-0.831435317850922,0.0,0.0
-0.1540625,0.2812009795242838,-0.8125,0.1875,30.8427734375,-1.3492573918228965,0.6214027120354246,0.0,0.0
-0.3540625,0.38613810575848373,-0.875,0.25,82.3388671875,-0.025294171445590794,-1.6716100678832144,0.0,0.0
-0.03958333333333333,0.21438097254394775,-0.875,0.1875,14.2578125,-2.100064003601894,4.7540275274302815,0.0,0.0
-0.0378125,0.1341176071665586,-0.34375,0.40625,5.8251953125,0.36436453566658744,-0.08259535213040214,0.0,1.0
-0.15583333333333332,0.7370230331467863,-2.21875,1.15625,170.24609375,-1.0695847488460453,1.1768312760870376,0.0,1.0
-0.035208333333333335,0.8891804561957912,-2.21875,2.375,237.564453125,-0.25736144235264896,1.0383211846203384,0.0,1.0
0.11791666666666667,0.09770455749633973,-0.125,0.3125,7.03515625,-0.3254870524410391,-0.6056907259512672,0.0,0.0
0.0621875,0.07749684973436016,-0.15625,0.25,2.9619140625,-0.395085557259921,-0.3013785644159017,0.0,0.0
-0.0146875,0.12900775675161294,-0.3125,0.25,5.0576171875,-0.08892489338607025,-0.6860829300857989,0.0,0.0
-0.0784375,0.07804099650450824,-0.25,0.15625,3.6728515625,0.8902027429363492,0.3480087280434052,0.0,0.0
-0.022604166666666668,0.07180786417683574,-0.15625,0.09375,1.7001953125,-0.2461903437988434,-0.5913846769571949,0.0,0.0
0.0033333333333333335,0.03988046374967183,-0.0625,0.125,0.48046875,0.8296229620187978,-0.061920974831478404,0.0,0.0
0.06364583333333333,0.7595627268529609,-1.34375,2.28125,174.2958984375,0.7879543276707444,1.356137364726517,0.0,1.0
0.1859375,0.4960463806124886,-0.3125,2.28125,84.1904296875,2.838893693690579,7.710625917590731,0.0,0.0
-0.00010416666666666667,0.0981435204567214,-0.1875,0.3125,2.8896484375,0.8198200104739837,1.281037606386179,0.0,0.0
-0.05572916666666667,0.08250072337645828,-0.21875,0.1875,2.9736328125,0.0019660585684999217,-0.40824052952136514,0.0,0.0
0.00875,0.09011133160337458,-0.21875,0.25,2.458984375,-0.11037814335717312,0.4932961793951032,0.0,0.0
0.10791666666666666,0.11673658619111471,-0.15625,0.375,7.58203125,0.05183518283938507,-0.3587165587382102,0.0,0.0
0.16458333333333333,0.1687950042869226,-0.21875,0.5,16.673828125,-0.05363753943463508,-1.0447084953405723,0.0,0.0
-0.03364583333333333,0.1031287352017155,-0.1875,0.21875,3.5302734375,0.3313401647503017,-1.021701709730724,0.0,0.0
-0.0396875,0.08210943694494968,-0.21875,0.125,2.4951171875,0.06955664869993414,-0.8105339649546854,0.0,0.0
0.058229166666666665,0.10491496846322211,-0.1875,0.25,4.3193359375,-0.05107881107692341,-1.0305057603109304,0.0,0.0
0.045208333333333336,0.12484556432070605,-0.1875,0.25,5.2890625,0.0418815496850137,-1.4273866161857267,0.0,0.0
-0.05875,0.08172298228364731,-0.21875,0.15625,3.0390625,0.6729903871532701,0.17899574959647202,0.0,0.0
0.3328125,0.8781347308179708,-1.5625,2.34375,264.5654296875,-0.19684085920234023,0.06978127070467144,0.0,1.0
0.11020833333333334,0.20366743811228694,-0.125,0.6875,16.087890625,1.0998354979137566,0.9350318857070037,0.0,0.0
0.014375,0.1357670147409402,-0.3125,0.25,5.591796875,-0.5556456861894034,-0.4806684348014292,0.0,0.0
-0.011875,0.08316415118106277,-0.125,0.1875,2.1171875,0.7082378431356352,-0.4177917272508642,0.0,0.0
-0.04375,0.4241336144620781,-1.375,1.71875,54.541015625,0.04121109124106596,5.362841879705421,0.0,1.0
0.13552083333333334,0.6547626912535861,-1.375,2.25,134.1240234375,1.0694321639330764,2.639396526974978,0.0,1.0
-0.05625,0.05412658773652741,-0.1875,0.09375,1.828125,0.02925241363894091,-0.3470222222222219,0.0,0.0
0.014479166666666666,0.07643157740296583,-0.15625,0.21875,1.8154296875,0.4927205579757446,-0.08349192076492029,0.0,0.0
0.0928125,0.07317061433446718,-0.09375,0.21875,4.1904296875,-0.7366698028302653,-0.0057319236333390755,0.0,0.0
-0.06927083333333334,0.0697119414039342,-0.21875,0.0625,2.8974609375,-0.1325836280264813,-0.8717937411672589,0.0,0.0
-0.12885416666666666,0.821568852728915,-2.15625,2.1875,207.4736328125,0.02571294823047514,1.445513233156781,0.0,1.0
