time, left_gate_raw, right_gate_raw7289,203,164
7339,204,164
7389,203,164
7439,204,164
7489,203,164
7539,203,164
7589,203,164
7639,204,164
7689,203,164
7739,203,164
7789,203,164
7839,203,164
7889,203,164
7939,203,164
7989,203,164
8039,203,164
8089,203,164
8139,203,164
8189,203,164
8244,204,164
8289,203,164
8339,203,164
8389,203,164
8439,203,164
8489,203,164
8539,203,164
8589,203,164
8639,203,164
8689,203,164
8739,203,164
8789,203,164
8839,203,164
8889,203,164
8939,203,164
8989,203,164
9039,203,164
9089,203,164
9139,203,164
9189,203,164
9239,203,164
9289,203,164
9339,203,164
9389,203,164
9439,203,164
9489,203,164
9539,203,164
9589,203,164
9639,203,164
9689,203,164
9739,203,164
9789,203,164
9839,203,164
9889,204,164
9939,203,164
9989,203,164
10039,203,164
10089,203,164
10139,203,164
10189,203,164
10239,203,164
10294,203,164
10339,203,164
10389,203,164
10439,203,164
10489,204,164
10539,203,164
10589,204,164
10639,203,164
10689,203,164
10739,203,164
10789,204,164
10839,203,164
10889,204,164
10939,203,164
10989,203,164
11039,203,164
11089,203,164
11139,203,164
11189,203,164
11239,203,164
11289,203,164
11339,203,164
11389,203,164
11439,203,164
11489,203,164
11539,203,164
11589,203,164
11639,203,164
11689,203,164
11739,203,164
11789,203,164
11839,203,164
11889,203,164
11939,203,164
11989,203,164
12039,203,164
12089,203,164
12139,203,164
12189,203,164
12239,203,164
12289,203,164
12344,203,164
12389,203,164
12439,203,164
12489,203,164
12539,203,164
12589,203,164
12639,203,164
12689,203,164
12739,203,164
12789,203,164
12839,203,164
12889,203,164
12939,203,164
12989,203,164
13039,203,164
13089,203,164
13139,203,164
13189,203,164
13239,203,164
13289,203,164
13339,203,164
13389,203,164
13439,203,164
13489,203,164
13539,203,164
13589,203,164
13639,203,164
13689,203,163
13739,203,164
13789,203,164
13839,204,164
13889,203,164
13939,203,164
13989,203,164
14039,203,164
14089,203,164
14139,204,164
14189,203,164
14239,204,164
14289,203,164
14339,204,164
14394,203,164
14439,204,164
14489,203,163
14539,204,164
14589,203,164
14639,204,164
14689,203,163
14739,204,164
14789,203,164
14839,204,164
14889,203,163
14939,204,164
14989,203,163
15039,204,164
15089,203,163
15139,203,164
15189,203,163
15239,203,164
15289,203,163
15339,203,164
15389,203,163
15439,203,164
15489,203,163
15539,203,164
15589,203,163
15639,203,164
15689,203,164
15739,203,164
15789,203,164
15839,203,164
15889,203,164
15939,203,164
15989,203,164
16039,203,164
16089,203,164
16139,203,164
16189,203,164
16239,203,164
16289,203,164
16339,203,164
16389,203,164
16444,204,164
16489,203,164
16539,203,164
16589,203,164
16639,203,164
16689,203,164
16739,203,164
16789,203,164
16839,203,164
16889,203,164
16939,203,164
16989,204,164
17039,203,164
17089,203,164
17139,203,164
17189,204,164
17239,204,164
17289,204,164
17339,204,164
17389,204,164
17439,204,164
17489,204,164
17539,204,164
17589,204,164
17639,204,164
17689,204,164
17739,203,164
17789,204,164
17839,204,164
17889,204,164
17939,204,164
17989,204,164
18039,204,164
18089,204,164
18139,204,164
18189,204,164
18239,204,164
18289,204,164
18339,204,164
18389,204,164
18439,204,164
18494,204,164
18539,204,164
18589,204,164
18639,204,164
18689,204,164
18739,204,164
18789,204,164
18839,204,164
18889,204,164
18939,204,164
18989,204,164
19039,204,164
19089,204,164
19139,204,164
19189,204,164
19239,204,164
19289,204,164
19339,204,164
19389,204,164
19439,204,164
19489,204,164
19539,204,164
19589,204,164
19639,204,164
19689,204,164
19739,204,164
19789,204,164
19839,204,164
19889,204,164
19939,204,164
19989,204,164
20039,204,164
20089,204,164
20139,204,164
20189,204,164
20239,204,164
20289,204,164
20339,204,164
20389,204,164
20439,205,164
20489,204,164
20544,204,164
20589,204,164
20639,205,164
20689,204,164
20739,205,164
20789,204,164
20839,205,164
20889,205,164
20939,205,164
20989,205,164
21039,205,164
21089,205,164
21139,205,164
21189,205,164
21239,205,164
21289,205,164
21339,205,164
21389,205,164
21439,205,164
21489,205,164
21539,205,164
21589,205,164
21639,205,164
21689,205,164
21739,205,164
21789,205,164
21839,205,164
21889,205,164
21939,205,164
21989,205,164
22039,205,164
22089,205,164
22139,205,164
22189,205,164
22239,205,164
22289,205,164
22339,205,164
22389,205,164
22439,205,164
22489,205,164
22539,206,164
22594,205,164
22639,205,164
22689,205,164
22739,205,164
22789,205,164
22839,205,164
22889,205,163
22939,206,164
22989,205,164
23039,205,164
23089,205,164
23139,206,164
23189,205,164
23239,206,164
23289,205,164
23339,206,164
23389,205,164
23439,206,164
23489,206,164
23539,206,164
23589,205,164
23639,206,164
23689,206,163
23739,206,163
23789,206,163
23839,207,163
23889,206,163
23939,206,163
23989,206,163
24039,207,164
24089,206,163
24139,206,164
24189,206,163
24239,206,164
24289,206,164
24339,206,164
24389,207,164
24439,206,164
24489,206,164
24539,206,164
24589,206,164
24644,206,164
24689,206,165
24739,206,165
24789,206,165
24839,206,165
24889,205,165
24939,205,165
24989,205,166
25039,205,166
25089,205,166
25139,204,166
25189,204,166
25239,204,166
25289,203,166
25339,202,168
25389,204,170
25439,205,168
25489,206,166
25539,206,165
25589,206,164
25639,206,164
25689,208,164
25739,209,164
25789,207,164
25839,205,164
25889,204,164
25939,203,164
25989,204,164
26039,203,164
26089,204,164
26139,203,164
26189,204,164
26239,203,164
26289,204,164
26339,203,164
26389,204,164
26439,203,164
26489,204,164
26539,203,164
26589,204,164
26639,203,164
26694,204,164
26739,203,164
26789,204,164
26839,204,164
26889,204,164
26939,204,164
26989,204,164
27039,204,164
27089,203,165
27139,204,165
27189,204,165
27239,204,165
27289,204,165
27339,204,165
27389,204,165
27439,204,165
27489,204,166
27539,204,166
27589,204,167
27639,205,167
27689,204,167
27739,205,167
27789,204,167
27839,205,167
27889,205,167
27939,205,167
27989,205,167
28039,205,167
28089,204,167
28139,204,165
28189,203,164
28239,204,164
28289,203,164
28339,203,164
28389,203,164
28439,203,164
28489,203,164
28539,203,164
28589,203,164
28639,203,164
28689,203,164
28744,203,164
28789,203,164
28839,203,164
28889,203,164
28939,203,164
28989,203,164
29039,203,164
29089,203,164
29139,203,164
29189,203,164
29239,204,164
29289,203,164
29339,204,164
29389,203,164
29439,204,164
29489,203,164
29539,204,165
29589,203,164
29639,204,165
29689,203,167
29739,204,167
29789,203,168
29839,204,168
29889,203,168
29939,204,169
29989,203,169
30039,204,170
30089,204,170
30139,204,171
30189,204,171
30239,204,172
30289,204,172
30339,204,172
30389,204,172
30439,204,173
30489,204,173
30539,204,173
30589,205,174
30639,204,174
30689,205,174
30739,205,174
30794,205,175
30839,204,175
30889,205,175
30939,205,175
30989,205,176
31039,205,176
31089,205,176
31139,204,176
31189,205,176
31239,205,176
31289,205,176
31339,204,173
31389,204,165
31439,203,164
31489,203,164
31539,203,164
31589,203,164
31639,203,164
31689,203,164
31739,203,164
31789,203,164
31839,203,164
31889,203,164
31939,203,164
31989,203,164
32039,203,164
32089,203,164
32139,203,164
32189,203,164
32239,203,164
32289,204,164
32339,204,164
32389,205,164
32439,207,164
32489,209,164
32539,210,164
32589,211,164
32639,211,164
32689,212,164
32739,212,164
32789,213,164
32844,213,164
32889,214,164
32939,213,163
32989,215,164
33039,214,164
33089,215,164
33139,214,163
33189,216,164
33239,215,163
33289,216,164
33339,214,163
33389,215,164
33439,213,163
33489,214,164
33539,213,163
33589,214,164
33639,214,163
33689,215,164
33739,216,163
33789,216,164
33839,214,163
33889,213,164
33939,211,163
33989,210,164
34039,207,164
34089,208,164
34139,208,164
34189,208,164
34239,210,163
34289,213,164
34339,214,164
34389,215,164
34439,215,164
34489,216,164
34539,217,164
34589,218,164
34639,218,164
34689,219,164
34739,219,164
34789,219,164
34839,220,164
34894,221,164
34939,220,164
34989,221,164
35039,221,164
35089,221,164
35139,221,164
35189,221,164
35239,221,164
35289,221,164
35339,221,164
35389,221,164
35439,221,164
35489,221,164
35539,221,164
35589,213,164
35639,204,164
35689,203,164
35739,203,164
35789,203,164
35839,203,164
35889,203,164
35939,203,164
35989,203,164
36039,203,164
36089,203,164
36139,203,164
36189,203,164
36239,203,164
36289,203,164
36339,203,164
36389,203,164
36439,203,164
36489,203,164
36539,203,164
36589,203,164
36639,203,164
36689,203,164
36739,203,164
36789,203,164
36839,203,164
36889,203,164
36944,204,164
36989,203,164
37039,204,164
37089,203,164
37139,204,164
37189,204,164
37239,204,164
37289,204,164
37339,205,164
37389,204,164
37439,205,164
37489,204,164
37539,205,164
37589,204,164
37639,205,164
37689,204,164
37739,204,164
37789,204,164
37839,204,164
37889,204,164
37939,204,164
37989,204,164
38039,205,164
38089,204,164
38139,204,164
38189,204,164
38239,205,164
38289,205,164
38339,205,164
38389,205,164
38439,206,164
38489,205,164
38539,205,164
38589,205,164
38639,206,164
38689,206,164
38739,206,164
38789,206,164
38839,206,164
38889,206,164
38939,206,164
38994,206,163
39039,206,164
39089,207,164
39139,207,163
39189,207,163
39239,207,163
39289,207,163
39339,207,164
39389,207,164
39439,207,164
39489,207,164
39539,207,164
39589,207,164
39639,207,164
39689,207,164
39739,207,164
39789,207,165
39839,207,164
39889,207,165
39939,206,164
39989,207,165
40039,206,164
40089,207,165
40139,206,164
40189,206,165
40239,206,164
40289,207,164
40339,206,164
40389,206,165
40439,206,164
40489,206,165
40539,206,164
40589,206,165
40639,205,165
40689,206,165
40739,206,164
40789,206,164
40839,206,164
40889,206,164
40939,205,164
40989,206,164
41044,205,164
41089,206,164
41139,205,164
41189,207,164
41239,205,164
41289,206,164
41339,205,164
41389,206,164
41439,205,164
41489,205,164
41539,204,164
41589,204,164
41639,203,164
41689,204,164
41739,203,164
41789,204,164
41839,203,164
41889,204,164
41939,203,164
41989,204,164
42039,203,164
42089,204,164
42139,203,164
42189,203,164
42239,203,164
42289,203,164
42339,203,164
42389,203,164
42439,203,164
42489,203,164
42539,203,164
42589,203,164
42639,203,164
42689,203,164
42739,203,164
42789,203,164
42839,203,164
42889,204,164
42939,204,164
42989,204,164
43039,204,164
43094,204,164
43139,203,164
43189,203,164
43239,204,164
43289,204,164
43339,204,164
43389,204,164
43439,203,164
43489,204,164
43539,205,164
43589,205,164
43639,205,164
43689,205,164
43739,205,164
43789,205,164
43839,205,164
43889,205,164
43939,205,164
43989,205,164
44039,205,164
44089,205,164
44139,205,164
44189,205,164
44239,206,164
44289,205,164
44339,206,164
44389,206,164
44439,206,164
44489,206,164
44539,206,164
44589,206,164
44639,206,164
44689,206,164
44739,206,164
44789,206,164
44839,206,164
44889,206,163
44939,206,163
44989,206,163
45039,206,163
45089,206,163
45144,207,163
45189,206,163
45239,207,163
45289,206,163
45339,207,164
45389,206,163
45439,207,164
45489,206,163
45539,207,164
45589,206,163
45639,207,164
45689,206,164
45739,207,164
45789,206,164
45839,207,164
45889,206,163
45939,207,164
45989,206,164
46039,206,164
46089,206,164
46139,206,164
46189,206,164
46239,205,165
46289,204,165
46339,205,166
46389,204,165
46439,205,166
46489,204,165
46539,205,166
46589,204,165
46639,204,166
46689,204,166
46739,204,166
46789,204,166
46839,204,166
46889,204,166
46939,204,166
46989,204,166
47039,204,166
47089,204,165
47139,204,165
47194,204,165
47239,204,165
47289,204,165
47339,204,166
47389,204,166
47439,205,166
47489,205,167
47539,205,167
47589,205,167
47639,205,166
47689,205,166
47739,205,166
47789,205,166
47839,205,166
47889,206,165
47939,205,165
47989,205,165
48039,205,165
48089,206,165
48139,206,166
48189,206,165
48239,207,165
48289,207,165
48339,206,164
48389,206,165
48439,206,164
48489,206,164
48539,205,164
48589,206,164
48639,205,164
48689,205,164
48739,205,164
48789,205,164
48839,205,164
48889,205,164
48939,205,164
48989,205,164
49039,204,163
49089,204,162
49139,204,160
49189,203,170
49244,199,178
49289,204,171
49339,210,164
49389,213,164
49439,206,164
49489,203,164
49539,203,164
49589,203,164
49639,203,164
49689,204,164
49739,203,164
49789,204,164
49839,203,164
49889,203,164
49939,203,164
49989,203,164
50039,203,164
50089,203,164
50139,203,164
50189,203,164
50239,203,164
50289,203,164
50339,203,164
50389,204,164
50439,203,164
50489,203,164
50539,203,164
50589,203,164
50639,203,164
50689,203,164
50739,203,164
50789,203,164
50839,203,164
50889,203,164
50939,203,164
50989,203,164
51039,203,164
51089,203,164
51139,203,164
51189,203,164
51239,203,164
51294,203,164
51339,203,164
51389,203,164
51439,203,164
51489,203,164
51539,203,164
51589,203,164
51639,203,164
51689,203,164
51739,203,164
51789,203,164
51839,203,164
51889,203,164
51939,203,164
51989,203,164
52039,203,164
52089,203,164
52139,203,164
52189,203,164
52239,203,164
52289,203,164
52339,203,164
52389,203,164
52439,203,164
52489,203,164
52539,203,164
52589,203,164
52639,203,164
52689,203,164
52739,203,164
52789,203,164
52839,203,164
52889,203,163
52939,203,164
52989,203,164
53039,203,164
53089,203,164
53139,203,164
53189,203,164
53239,203,164
53289,203,163
53344,203,164
53389,203,164
53439,203,164
53489,203,164
53539,203,164
53589,203,163
53639,203,164
53689,203,163
53739,203,164
53789,203,163
53839,203,164
53889,203,163
53939,203,164
53989,203,163
54039,203,164
54089,203,163
54139,203,164
54189,203,163
54239,203,164
54289,203,163
54339,203,164
54389,203,163
54439,203,164
54489,203,163
54539,204,164
54589,203,164
54639,204,164
54689,203,164
54739,203,164
54789,203,164
54839,204,164
54889,203,163
54939,203,164
54989,203,163
55039,204,164
55089,203,163
55139,204,164
55189,203,163
55239,204,164
55289,203,163
55339,204,164
55394,203,164
55439,203,164
55489,203,163
55539,203,164
55589,203,163
55639,204,164
55689,203,163
55739,203,164
55789,203,163
55839,203,164
55889,203,163
55939,203,164
55989,203,163
56039,203,164
56089,203,163
56139,203,164
56189,203,163
56239,203,164
56289,203,163
56339,203,164
56389,203,163
56439,203,164
56489,203,164
56539,203,164
56589,203,163
56639,203,164
56689,203,164
56739,203,164
56789,203,164
56839,203,164
56889,203,164
56939,203,164
56989,203,164
57039,203,164
57089,203,164
57139,203,164
57189,203,164
57239,203,164
57289,203,164
57339,203,164
57389,203,164
57444,204,164
57489,203,164
57539,203,164
57589,203,164
57639,203,164
57689,204,164
57739,204,164
57789,204,164
57839,204,164
57889,204,164
57939,204,164
57989,204,164
58039,204,164
58089,203,164
58139,203,164
58189,204,164
58239,203,164
58289,204,164
58339,203,164
58389,203,164
58439,203,164
58489,203,164
58539,203,164
58589,203,164
58639,203,164
58689,203,164
58739,203,164
58789,203,164
58839,203,164
58889,203,164
58939,203,164
58989,203,164
59039,203,164
59089,203,164
59139,203,164
59189,203,164
59239,203,164
59289,203,164
59339,203,164
59389,203,164
59439,203,164
59494,203,164
59539,203,164
59589,203,164
59639,203,164
59689,203,164
59739,203,164
59789,203,164
59839,203,164
59889,203,164
59939,203,164
59989,203,164
60039,203,164
60089,203,164
60139,203,164
60189,203,164
60239,203,164
60289,203,164
60339,203,164
60389,203,164
60439,203,163
60489,203,164
60539,203,164
60589,203,164
60639,203,164
60689,203,164
60739,203,164
60789,203,164
60839,203,164
60889,203,164
60939,203,164
60989,203,164
61039,203,164
61089,203,164
61139,203,164
61189,203,164
61239,203,164
61289,203,164
61339,203,164
61389,203,164
61439,203,164
61489,203,164
61544,203,164
61589,203,164
61639,203,164
61689,203,164
61739,203,164
61789,203,164
61839,203,164
61889,203,163
61939,203,164
61989,203,163
62039,203,164
62089,203,164
62139,203,164
62189,203,164
62239,203,164
62289,203,163
62339,203,164
62389,203,164
62439,203,164
62489,203,164
62539,203,164
62589,203,164
62639,203,164
62689,203,163
62739,203,164
62789,203,163
62839,204,164
62889,203,163
62939,204,164
62989,203,163
63039,204,164
63089,203,164
63139,204,164
63189,203,163
63239,204,164
63289,203,163
63339,203,164
63389,202,163
63439,203,164
63489,202,163
63539,204,164
63594,203,164
63639,204,164
63689,202,163
63739,203,164
63789,203,163
63839,203,164
63889,203,163
63939,203,164
63989,203,163
64039,203,164
64089,203,163
64139,203,164
64189,203,163
64239,203,164
64289,203,163
64339,203,164
64389,203,163
64439,203,164
64489,203,163
64539,203,164
64589,203,164
64639,203,164
64689,203,164
64739,203,164
64789,203,164
64839,203,164
64889,203,164
64939,203,164
64989,203,164
65039,203,164
65089,203,164
65139,203,164
65189,203,164
65239,203,164
65289,203,164
65339,203,164
65389,203,164
65439,203,164
65489,203,164
65539,203,164
65589,203,164
65644,204,164
65689,203,164
65739,203,164
65789,203,164
65839,203,164
65889,203,164
65939,203,164
65989,203,164
66039,203,164
66089,203,164
66139,203,164
66189,203,164
66239,203,164
66289,203,164
66339,203,164
66389,203,164
66439,203,164
66489,203,164
66539,203,164
66589,203,164
66639,203,164
66689,203,164
66739,203,164
66789,203,164
66839,203,164
66889,203,164
66939,203,164
66989,203,164
67039,203,164
67089,203,164
67139,203,164
67189,203,164
67239,203,164
67289,203,164
67339,203,164
67389,203,164
67439,203,164
67489,203,164
67539,203,164
67589,204,164
67639,203,163
67694,203,164
67739,203,163
67789,203,164
67839,203,164
67889,203,164
67939,203,164
67989,203,164
68039,203,164
68089,203,164
68139,203,164
68189,203,164
68239,203,164
68289,203,164
68339,203,164
68389,203,164
68439,203,164
68489,203,164
68539,203,163
68589,203,164
68639,203,163
68689,204,164
68739,203,163
68789,204,164
68839,203,163
68889,203,164
68939,203,163
68989,203,164
69039,203,164
69089,203,164
69139,203,164
69189,203,164
69239,203,163
69289,203,164
69339,203,164
69389,203,164
69439,203,163
69489,203,164
69539,203,164
69589,203,164
69639,203,164
69689,203,164
69744,203,164
69789,203,164
69839,203,163
69889,203,164
69939,203,164
69989,203,164
70039,203,163
70089,203,164
70139,203,164
70189,203,164
70239,203,164
70289,203,164
70339,203,164
70389,203,164
70439,203,163
70489,203,164
70539,203,163
70589,203,164
70639,203,164
70689,203,164
70739,203,163
70789,203,164
70839,203,164
70889,203,164
70939,203,164
70989,203,164
71039,203,164
71089,203,164
71139,203,164
71189,203,164
71239,203,164
71289,203,164
71339,203,164
71389,203,164
71439,203,164
71489,203,164
71539,203,164
71589,203,164
71639,203,164
71689,203,164
71739,203,164
71794,203,164
71839,203,164
71889,203,164
71939,203,164
71989,203,164
72039,203,164
72089,203,164
72139,203,164
72189,203,164
72239,203,164
72289,203,164
72339,203,164
72389,203,164
72439,203,164
72489,203,164
72539,203,164
72589,203,164
72639,203,164
72689,203,164
72739,203,164
72789,203,164
72839,203,164
72889,203,164
72939,203,164
72989,203,164
73039,203,164
73089,203,163
73139,203,164
73189,203,163
73239,203,164
73289,203,164
73339,203,164
73389,203,164
73439,204,164
73489,203,164
73539,204,164
73589,203,164
73639,203,164
73689,203,164
73739,204,164
73789,203,164
73844,203,164
73889,203,163
73939,204,164
73989,203,163
74039,204,164
74089,203,163
74139,204,164
74189,203,164
74239,203,164
74289,203,163
74339,204,164
74389,203,164
74439,203,164
74489,203,164
74539,203,164
74589,203,164
74639,203,164
74689,203,164
74739,203,164
74789,203,164
74839,203,164
74889,203,164
74939,203,164
74989,203,164
75039,203,164
75089,203,164
75139,203,164
75189,203,164
75239,203,164
75289,203,164
75339,203,164
75389,203,164
75439,203,164
75489,203,164
75539,203,164
75589,203,164
75639,203,164
75689,203,164
75739,203,164
75789,203,164
75839,203,164
75894,203,163
75939,203,164
75989,203,164
76039,203,164
76089,203,164
76139,203,164
76189,203,164
76239,203,164
76289,203,164
76339,203,164
76389,203,164
76439,203,164
76489,203,164
76539,203,164
76589,203,164
76639,203,164
76689,203,164
76739,203,164
76789,203,164
76839,203,164
76889,203,164
76939,203,163
76989,203,164
77039,203,163
77089,203,164
77139,203,163
77189,203,164
77239,203,163
77289,203,164
77339,203,164
77389,204,164
77439,203,163
77489,204,164
77539,203,164
77589,203,164
77639,203,163
77689,204,164
77739,203,164
77789,204,164
77839,203,163
77889,204,164
77944,203,164
77989,204,164
78039,203,163
78089,203,164
78139,203,163
78189,203,164
78239,203,163
78289,203,164
78339,203,163
78389,203,164
78439,203,163
78489,203,164
78539,203,163
78589,203,164
78639,203,163
78689,203,164
78739,203,163
78789,203,164
78839,203,164
78889,203,164
78939,203,163
78989,203,164
79039,203,163
79089,203,164
79139,203,164
79189,203,164
79239,203,164
79289,203,164
79339,203,164
79389,203,164
79439,203,164
79489,203,164
79539,203,164
79589,203,164
79639,203,164
79689,203,163
79739,203,164
79789,203,164
79839,203,164
79889,203,164
79939,203,164
79994,203,164
80039,203,164
80089,203,164
80139,203,164
80189,203,163
80239,203,164
80289,203,164
80339,203,164
80389,203,163
80439,203,164
80489,203,163
80539,203,164
80589,203,163
80639,203,163
80689,203,163
80739,204,164
80789,203,163
80839,203,164
80889,203,163
80939,203,164
80989,203,163
81039,203,164
81089,203,164
81139,203,164
81189,203,164
81239,203,164
81289,203,163
81339,203,164
81389,203,163
81439,203,164
81489,203,163
81539,203,164
81589,203,164
81639,203,164
81689,203,164
81739,203,164
81789,203,164
81839,203,164
81889,203,164
81939,203,164
81989,203,164
82044,203,164
82089,203,164
82139,203,164
82189,203,163
82239,203,163
82289,203,163
82339,203,163
82389,203,164
82439,203,164
82489,203,164
82539,203,164
82589,203,163
82639,203,164
82689,203,164
82739,203,163
82789,203,164
82839,203,164
82889,203,164
82939,203,164
82989,203,164
83039,203,164
83089,203,164
83139,203,163
83189,203,164
83239,203,164
83289,203,164
83339,203,164
83389,203,164
83439,203,163
83489,203,164
83539,202,163
83589,203,164
83639,202,164
83689,203,164
83739,202,163
83789,203,164
83839,202,163
83889,203,164
83939,202,163
83989,204,164
84039,202,163
84094,203,163
84139,202,163
84189,203,164
84239,202,163
84289,203,164
84339,202,163
84389,203,164
84439,202,163
84489,203,164
84539,202,163
84589,203,164
84639,202,163
84689,202,164
84739,202,164
84789,203,164
84839,202,163
84889,203,164
84939,202,163
84989,203,164
85039,202,164
85089,203,164
85139,202,164
85189,203,164
85239,203,164
85289,202,164
85339,202,164
85389,202,164
85439,202,164
85489,203,164
85539,202,164
85589,202,164
85639,202,164
85689,202,164
85739,203,164
85789,203,164
85839,203,164
85889,203,164
85939,202,164
85989,202,164
86039,202,164
86089,202,164
86144,202,164
86189,202,164
86239,202,164
86289,202,164
86339,203,164
86389,202,164
86439,203,164
86489,202,163
86539,203,164
86589,202,164
86639,203,164
86689,202,164
86739,203,164
86789,202,164
86839,203,164
86889,202,164
86939,203,164
86989,203,164
87039,203,164
87089,202,164
87139,203,164
87189,202,164
87239,203,164
87289,202,163
87339,203,164
87389,202,164
87439,203,164
87489,202,163
87539,203,164
87589,203,163
87639,203,164
87689,203,163
87739,203,164
87789,202,163
87839,203,164
87889,202,163
87939,202,164
87989,202,164
88039,203,164
88089,202,164
88139,203,164
88194,202,164
88239,203,164
88289,202,164
88339,203,164
88389,203,164
88439,203,164
88489,202,163
88539,203,164
88589,202,164
88639,203,164
88689,203,164
88739,203,164
88789,203,163
88839,203,164
88889,203,163
88939,203,164
88989,203,163
89039,203,164
89089,202,164
89139,203,164
89189,203,164
89239,203,164
89289,203,164
89339,203,164
89389,203,164
89439,203,164
89489,203,164
89539,203,164
89589,203,164
89639,203,164
89689,203,164
89739,203,164
89789,203,164
89839,203,164
89889,203,164
89939,203,164
89989,203,164
90039,203,164
90089,203,164
90139,203,164
90189,203,164
90244,203,164
90289,203,164
90339,203,164
90389,203,164
90439,203,164
90489,203,164
90539,203,164
90589,203,164
90639,203,164
90689,203,164
90739,203,164
90789,203,164
90839,203,164
90889,203,164
90939,203,164
90989,203,164
91039,203,164
91089,203,164
91139,203,164
91189,203,164
91239,203,164
91289,203,164
91339,203,164
91389,203,164
91439,203,164
91489,204,164
91539,203,164
91589,203,164
91639,203,164
91689,203,164
91739,203,164
91789,203,164
91839,203,164
91889,204,164
91939,203,163
91989,204,164
92039,203,163
92089,204,164
92139,203,164
92189,204,164
92239,203,163
92294,203,164
92339,203,163
92389,204,164
92439,203,163
92489,203,164
92539,203,163
92589,204,164
92639,203,163
92689,204,164
92739,203,163
92789,204,164
92839,203,163
92889,204,164
92939,203,163
92989,203,164
93039,203,164
93089,204,164
93139,203,164
93189,203,164
93239,203,164
93289,203,164
93339,203,164
93389,203,164
93439,203,164
93489,203,164
93539,203,164
93589,203,164
93639,203,164
93689,203,164
93739,203,164
93789,203,164
93839,203,164
93889,203,164
93939,203,164
93989,203,164
94039,203,164
94089,203,164
94139,203,164
94189,203,164
94239,203,163
94289,203,164
94344,203,164
94389,203,164
94439,203,164
94489,203,164
94539,203,164
94589,203,164
94639,203,164
94689,203,164
94739,203,164
94789,203,164
94839,203,164
94889,203,164
94939,203,164
94989,203,164
95039,203,164
95089,203,164
95139,203,164
95189,203,164
95239,203,164
95289,203,164
95339,203,164
95389,203,164
95439,203,164
95489,203,164
95539,203,164
95589,203,164
95639,203,164
95689,203,164
95739,203,164
95789,203,164
95839,203,164
95889,203,164
95939,203,164
95989,203,164
96039,203,164
96089,203,164
96139,203,164
96189,203,164
96239,203,164
96289,203,164
96339,203,164
96394,204,164
96439,203,164
96489,203,164
96539,203,164
96589,203,164
96639,203,164
96689,203,164
96739,203,164
96789,203,164
96839,203,164
96889,203,164
96939,203,164
96989,203,164
97039,203,164
97089,203,164
97139,203,164
97189,203,164
97239,203,164
97289,203,164
97339,203,164
97389,203,164
97439,203,164
97489,203,164
97539,203,164
97589,203,164
97639,203,164
97689,203,164
97739,203,164
97789,203,164
97839,203,164
97889,203,164
97939,203,164
97989,203,164
98039,203,164
98089,203,164
98139,203,164
98189,203,164
98239,203,164
98289,203,164
98339,203,164
98389,203,164
98444,203,164
98489,203,164
98539,203,164
98589,203,164
98639,203,164
98689,203,164
98739,203,164
98789,203,164
98839,203,164
98889,203,164
98939,203,164
98989,203,163
99039,203,164
99089,203,164
99139,203,164
99189,203,164
99239,203,164
99289,203,163
99339,203,164
99389,203,163
99439,204,164
99489,203,163
99539,204,164
99589,203,164
99639,203,164
99689,203,164
99739,204,164
99789,203,163
99839,204,164
99889,203,163
99939,204,164
99989,203,163
100039,204,164
100089,203,163
100139,204,164
100189,202,163
100239,204,164
100289,203,163
100339,204,164
100389,203,163
100439,203,164
100494,203,164
100539,203,164
100589,202,163
100639,203,164
100689,202,163
100739,203,164
100789,203,163
100839,203,164
100889,203,163
100939,203,164
100989,203,163
101039,203,164
101089,203,163
101139,203,164
101189,203,163
101239,203,164
101289,203,163
101339,203,164
101389,203,163
101439,203,164
101489,203,163
101539,203,164
101589,203,164
101639,203,164
101689,203,163
101739,203,164
101789,203,163
101839,203,164
101889,203,163
101939,203,164
101989,203,163
102039,203,164
102089,203,163
102139,203,164
102189,203,163
102239,203,164
102289,203,163
102339,203,164
102389,203,163
102439,203,164
102489,203,164
102544,203,164
102589,203,164
102639,203,164
102689,203,164
102739,203,164
102789,203,164
102839,203,164
102889,203,164
102939,203,164
102989,203,164
103039,203,164
103089,203,164
103139,203,164
103189,203,164
103239,203,164
103289,203,164
103339,203,164
103389,203,164
103439,203,164
103489,203,164
103539,203,164
103589,203,164
103639,203,164
103689,203,164
103739,203,164
103789,203,164
103839,203,164
103889,203,164
103939,203,164
103989,203,164
104039,203,164
104089,203,164
104139,203,164
104189,203,164
104239,203,164
104289,203,164
104339,203,164
104389,203,164
104439,203,164
104489,203,164
104539,203,164
104594,203,164
104639,203,164
104689,203,164
104739,203,164
104789,203,164
104839,203,163
104889,203,164
104939,203,163
104989,203,164
105039,203,163
105089,203,164
105139,203,163
105189,203,164
105239,203,163
105289,203,164
105339,203,163
105389,203,164
105439,203,164
105489,203,164
105539,203,163
105589,203,164
105639,203,163
105689,203,164
105739,203,164
105789,203,164
105839,203,164
105889,203,164
105939,203,164
105989,203,164
106039,203,164
106089,203,164
106139,203,164
106189,203,164
106239,203,164
106289,203,164
106339,203,164
106389,203,164
106439,203,164
106489,203,164
106539,203,164
106589,203,164
106644,203,164
106689,203,164
106739,203,164
106789,203,164
106839,203,164
106889,203,164
106939,203,164
106989,203,164
107039,203,164
107089,203,164
107139,203,164
107189,203,164
107239,203,164
107289,203,164
107339,203,164
107389,203,164
107439,203,164
107489,203,164
107539,203,164
107589,203,164
107639,203,164
107689,203,164
107739,203,164
107789,203,164
107839,203,164
107889,202,164
107939,203,164
107989,203,164
108039,203,164
108089,203,164
108139,203,164
108189,203,164
108239,203,164
108289,203,164
108339,203,164
108389,203,164
108439,203,164
108489,203,164
108539,203,164
108589,203,164
108639,203,164
108694,203,164
108739,203,164
108789,203,164
108839,203,164
108889,203,164
108939,203,164
108989,203,163
109039,203,164
109089,203,163
109139,203,164
109189,203,164
109239,203,164
109289,203,163
109339,203,164
109389,203,163
109439,204,164
109489,203,163
109539,203,164
109589,202,163
109639,204,164
109689,203,163
109739,203,164
109789,202,163
109839,203,164
109889,202,163
109939,203,164
109989,202,163
110039,203,164
110089,202,164
110139,203,164
110189,202,163
110239,203,164
110289,202,163
110339,203,164
110389,202,163
110439,203,164
110489,203,163
110539,203,164
110589,203,163
110639,203,164
110689,203,163
110744,203,164
110789,203,163
110839,203,164
110889,203,163
110939,203,164
110989,203,164
111039,203,164
111089,203,164
111139,203,164
111189,203,164
111239,203,164
111289,203,164
111339,203,164
111389,203,164
111439,203,164
111489,203,164
111539,203,164
111589,203,164
111639,203,164
111689,203,164
111739,203,164
111789,203,164
111839,203,164
111889,203,164
111939,203,164
111989,203,164
112039,203,164
112089,203,164
112139,203,164
112189,203,164
112239,203,164
112289,203,164
112339,203,163
112389,203,164
112439,203,164
112489,203,164
112539,203,164
112589,203,164
112639,203,164
112689,203,164
112739,203,164
112794,203,164
112839,203,164
112889,203,164
112939,203,164
112989,203,164
113039,203,164
113089,203,164
113139,203,164
113189,203,164
113239,203,164
113289,203,164
113339,203,164
113389,203,164
113439,203,164
113489,203,164
113539,203,164
113589,203,164
113639,203,163
113689,203,164
113739,203,163
113789,203,164
113839,203,163
113889,203,164
113939,203,163
113989,203,164
114039,203,164
114089,203,164
114139,203,163
114189,203,164
114239,203,164
114289,203,164
114339,203,164
114389,203,164
114439,203,163
114489,203,164
114539,203,164
114589,203,164
114639,203,164
114689,203,164
114739,203,163
114789,203,164
114844,203,164
114889,203,164
114939,203,164
114989,203,164
115039,203,164
115089,203,164
115139,203,164
115189,203,164
115239,203,164
115289,203,164
115339,203,164
115389,203,164
115439,203,164
115489,203,164
115539,203,164
115589,203,164
115639,203,164
115689,203,164
115739,203,164
115789,203,164
115839,203,164
115889,203,164
115939,203,164
115989,203,164
116039,203,164
116089,203,164
116139,203,164
116189,203,164
116239,203,164
116289,203,164
116339,203,164
116389,203,163
116439,203,164
116489,203,164
116539,203,164
116589,203,164
116639,203,164
116689,203,164
116739,203,164
116789,203,164
116839,203,164
116894,203,164
116939,203,164
116989,203,164
117039,203,164
117089,203,163
117139,203,164
117189,203,163
117239,203,164
117289,203,163
117339,203,164
117389,203,164
117439,204,164
117489,203,163
117539,203,164
117589,203,164
117639,203,164
117689,202,164
117739,203,164
117789,202,163
117839,203,164
117889,203,163
117939,203,164
117989,203,163
118039,203,164
118089,203,164
118139,203,164
118189,203,164
118239,203,164
118289,203,164
118339,203,164
118389,203,164
118439,203,164
118489,203,164
118539,203,164
118589,203,164
118639,203,164
118689,203,164
118739,203,164
118789,203,164
118839,203,164
118889,203,164
118944,203,164
118989,203,164
119039,203,164
119089,203,164
119139,203,164
119189,203,164
119239,203,164
119289,203,164
119339,203,164
119389,203,164
119439,203,164
119489,203,164
119539,203,164
119589,203,164
119639,203,164
119689,203,164
119739,203,164
119789,203,164
119839,203,164
119889,203,164
119939,203,164
119989,203,164
120039,203,164
120089,203,164
120139,203,164
120189,203,164
120239,203,164
120289,203,164
120339,203,164
120389,203,164
120439,203,164
120489,203,164
120539,203,164
120589,203,164
120639,203,164
120689,203,164
120739,203,164
120789,203,164
120839,203,164
120889,203,164
120939,203,164
120994,203,164
121039,203,164
121089,203,164
121139,203,164
121189,203,164
121239,203,164
121289,203,164
121339,203,164
121389,203,164
121439,202,163
121489,203,164
121539,203,164
121589,204,164
121639,203,164
121689,203,164
121739,203,163
121789,204,164
121839,203,163
121889,204,164
121939,203,163
121989,203,164
122039,202,163
122089,203,164
122139,203,163
122189,204,164
122239,203,163
122289,203,164
122339,203,163
122389,204,164
122439,203,163
122489,203,164
122539,202,163
122589,203,164
122639,202,163
122689,203,164
122739,203,163
122789,203,164
122839,202,163
122889,203,164
122939,203,163
122989,203,164
123044,203,164
123089,203,164
123139,203,163
123189,203,164
123239,203,163
123289,203,164
123339,202,163
123389,203,164
123439,203,163
123489,203,164
123539,203,163
123589,203,164
123639,203,163
123689,203,164
123739,203,163
123789,203,164
123839,202,163
123889,203,164
123939,202,163
123989,203,164
124039,202,163
124089,203,163
124139,202,163
124189,203,163
124239,202,163
124289,203,164
124339,203,164
124389,203,164
124439,203,164
124489,203,164
124539,203,164
124589,203,164
124639,203,164
124689,203,164
124739,203,164
124789,203,164
124839,203,164
124889,203,164
124939,203,164
124989,203,164
125039,203,164
125094,203,164
125139,203,163
125189,203,164
125239,203,164
125289,203,164
125339,203,164
125389,203,164
125439,203,164
125489,203,164
125539,203,164
125589,203,164
125639,203,164
125689,203,164
125739,203,164
125789,203,164
125839,203,164
125889,203,164
125939,203,164
125989,203,163
126039,203,164
126089,203,163
126139,203,164
126189,203,164
126239,203,164
126289,203,164
126339,203,164
126389,203,164
126439,203,164
126489,203,164
126539,203,164
126589,203,164
126639,204,164
126689,202,163
126739,203,164
126789,203,164
126839,203,164
126889,203,164
126939,203,164
126989,203,164
127039,203,163
127089,202,163
127144,202,163
127189,202,163
127239,202,163
127289,202,163
127339,202,163
127389,202,163
127439,202,163
127489,202,163
127539,202,163
127589,202,163
127639,202,163
127689,202,163
127739,202,163
127789,202,163
127839,202,163
127889,202,163
127939,202,163
127989,202,163
128039,202,163
128089,202,163
128139,202,163
128189,202,163
128239,202,163
128289,202,163
128339,202,163
128389,202,163
128439,202,163
128489,202,163
128539,202,163
128589,202,163
128639,202,163
128689,202,163
128739,202,163
128789,202,163
128839,202,163
128889,202,163
128939,202,163
128989,203,163
129039,203,163
129089,203,163
129139,203,163
129194,203,163
129239,204,163
129289,204,163
129339,204,163
129389,204,163
129439,205,163
129489,205,163
129539,206,163
129589,207,163
129639,208,163
129689,208,163
129739,208,163
129789,209,163
129839,211,163
129889,214,164
129939,217,163
129989,218,163
130039,218,164
130089,219,163
130139,220,164
130189,222,163
130239,223,164
130289,223,164
130339,224,164
130389,224,164
130439,224,164
130489,224,164
130539,225,163
130589,224,164
130639,225,163
130689,224,164
130739,225,163
130789,225,164
130839,225,163
130889,225,164
130939,225,164
130989,225,164
131039,225,164
131089,225,164
131139,225,164
131189,225,164
131244,226,164
131289,225,164
131339,225,164
131389,225,164
131439,225,164
131489,224,164
131539,219,163
131589,215,163
131639,210,163
131689,205,163
131739,203,163
131789,203,163
131839,202,163
131889,202,163
131939,202,163
131989,202,163
132039,202,163
132089,202,163
132139,202,163
132189,202,163
132239,202,163
132289,202,163
132339,202,163
132389,202,163
132439,202,163
132489,202,163
132539,202,163
132589,203,163
132639,203,163
132689,203,163
132739,204,163
132789,205,163
132839,206,163
132889,207,163
132939,208,163
132989,208,164
133039,208,163
133089,207,164
133139,206,163
133189,205,163
133239,204,163
133294,203,163
133339,203,163
133389,203,163
133439,204,163
133489,205,163
133539,206,163
133589,208,164
133639,209,163
133689,211,163
133739,211,163
133789,210,164
133839,210,163
133889,211,164
133939,209,163
133989,208,164
134039,208,163
134089,207,163
134139,204,163
134189,203,163
134239,201,163
134289,202,163
134339,201,163
134389,202,163
134439,201,163
134489,201,163
134539,201,163
134589,201,163
134639,201,163
134689,201,163
134739,201,163
134789,201,163
134839,201,163
134889,202,163
134939,201,163
134989,202,163
135039,201,163
135089,202,163
135139,202,163
135189,202,163
135239,201,163
135289,202,163
135344,202,163
135389,202,163
135439,202,163
135489,202,163
135539,202,163
135589,202,164
135639,203,164
135689,204,164
135739,202,164
135789,204,164
135839,202,164
135889,204,164
135939,202,163
135989,203,164
136039,202,163
136089,203,164
136139,202,163
136189,203,164
136239,202,163
136289,203,164
136339,202,164
136389,203,164
136439,202,163
136489,203,164
136539,202,163
136589,203,164
136639,203,164
136689,203,164
136739,203,163
136789,203,164
136839,203,163
136889,203,164
136939,203,163
136989,203,164
137039,203,163
137089,203,164
137139,203,163
137189,203,164
137239,203,163
137289,203,164
137339,203,164
137394,203,164
137439,203,163
137489,203,164
137539,203,164
137589,203,164
137639,203,164
137689,203,164
137739,203,163
137789,203,164
137839,203,164
137889,203,164
137939,203,164
137989,203,164
138039,203,164
138089,203,164
138139,203,164
138189,203,164
138239,203,164
138289,203,164
138339,203,164
138389,203,164
138439,203,164
138489,203,164
138539,203,164
138589,203,164
138639,203,164
138689,203,164
138739,203,164
138789,203,164
138839,203,164
138889,203,164
138939,203,164
138989,203,164
139039,203,164
139089,203,164
139139,203,164
139189,203,164
139239,203,164
139289,203,164
139339,203,164
139389,203,164
139444,202,164
139489,203,164
139539,203,164
139589,203,164
139639,203,164
139689,203,163
139739,203,164
139789,203,164
139839,203,164
139889,203,164
139939,203,164
139989,203,164
140039,203,164
140089,203,164
140139,203,164
140189,203,164
140239,203,164
140289,203,164
140339,203,164
140389,203,164
140439,203,164
140489,203,164
140539,203,164
140589,203,164
140639,203,164
140689,203,164
140739,203,164
140789,203,164
140839,203,164
140889,203,164
140939,203,164
140989,203,163
141039,203,164
141089,203,163
141139,203,164
141189,203,163
141239,203,164
141289,203,163
141339,203,164
141389,203,163
141439,203,164
141494,203,164
141539,203,164
141589,203,164
141639,203,164
141689,203,163
141739,203,164
141789,203,163
141839,203,164
141889,203,164
141939,203,164
141989,203,163
142039,203,164
142089,203,164
142139,203,164
142189,203,163
142239,203,164
142289,203,163
142339,203,164
142389,203,163
142439,203,164
142489,203,163
142539,203,164
142589,203,163
142639,203,164
142689,203,164
142739,203,164
142789,203,163
142839,203,164
142889,203,163
142939,203,164
142989,203,163
143039,203,164
143089,203,164
143139,203,164
143189,203,163
143239,203,164
143289,203,164
143339,203,164
143389,203,163
143439,203,164
143489,203,164
143544,203,164
143589,203,164
143639,203,164
143689,203,164
143739,203,164
143789,203,164
143839,203,164
143889,203,164
143939,203,164
143989,203,163
144039,203,164
144089,203,164
144139,203,164
144189,203,164
144239,203,164
144289,202,163
144339,203,164
144389,202,164
144439,203,164
144489,203,164
144539,204,164
144589,203,163
144639,203,164
144689,202,164
144739,203,164
144789,203,164
144839,203,164
144889,203,164
144939,203,164
144989,202,164
145039,203,164
145089,203,164
145139,203,164
145189,203,164
145239,203,164
145289,203,164
145339,203,164
145389,203,164
145439,203,164
145489,203,164
145539,203,164
145594,203,164
145639,203,164
145689,203,164
145739,203,164
145789,203,164
145839,203,164
145889,203,164
145939,203,164
145989,203,164
146039,204,164
146089,203,164
146139,204,164
146189,203,164
146239,203,164
146289,203,164
146339,203,164
146389,203,164
146439,203,164
146489,203,164
146539,204,164
146589,205,164
146639,206,164
146689,206,164
146739,207,164
146789,209,164
146839,210,164
146889,210,164
146939,211,164
146989,211,164
147039,213,164
147089,216,164
147139,221,164
147189,223,164
147239,226,165
147289,226,164
147339,227,165
147389,227,164
147439,209,164
147489,206,164
147539,206,164
147589,206,164
147644,206,164
147689,206,163
147739,206,164
147789,206,163
147839,206,164
147889,206,163
147939,206,164
147989,206,163
148039,206,164
148089,206,163
148139,206,164
148189,206,163
148239,206,164
148289,206,163
148339,206,164
148389,206,163
148439,206,164
148489,206,163
148539,206,164
148589,206,163
148639,206,164
148689,206,163
148739,206,164
148789,206,164
148839,206,164
148889,206,163
148939,206,164
148989,206,163
149039,207,164
149089,206,164
149139,206,164
149189,206,163
149239,206,164
149289,206,164
149339,206,164
149389,206,164
149439,206,164
149489,206,164
149539,206,164
149589,207,164
149639,207,164
149694,207,164
149739,208,164
149789,228,164
149839,229,164
149889,229,164
149939,229,164
149989,228,164
150039,229,164
150089,229,164
150139,228,164
150189,228,165
150239,227,165
150289,228,165
150339,227,165
150389,227,165
150439,227,165
150489,227,165
150539,227,165
150589,227,165
150639,227,166
150689,227,166
150739,227,166
150789,227,166
150839,227,166
150889,227,166
150939,227,166
150989,228,166
151039,227,166
151089,228,166
151139,227,166
151189,227,166
151239,227,166
151289,227,166
151339,228,166
151389,228,166
151439,228,167
151489,228,167
151539,227,167
151589,227,167
151639,226,168
151689,226,168
151744,225,169
151789,224,169
151839,223,170
151889,223,170
151939,222,170
151989,222,171
152039,221,171
152089,220,173
152139,220,173
152189,219,174
152239,218,174
152289,217,176
152339,216,177
152389,216,178
152439,215,178
152489,213,179
152539,212,179
152589,211,179
152639,211,180
152689,211,180
152739,211,180
152789,211,180
152839,210,180
152889,211,181
152939,210,180
152989,211,180
153039,210,180
153089,210,180
153139,210,180
153189,210,180
153239,210,180
153289,210,180
153339,210,180
153389,209,180
153439,209,179
153489,210,180
153539,209,180
153589,210,180
153639,209,179
153689,209,180
153739,209,179
153794,209,179
153839,209,179
153889,209,180
153939,209,179
153989,210,178
154039,209,176
154089,210,176
154139,209,175
154189,210,174
154239,209,172
154289,209,170
154339,210,169
154389,210,168
154439,209,167
154489,210,167
154539,210,167
154589,210,167
154639,210,167
154689,210,167
154739,210,167
154789,210,167
154839,210,167
154889,210,167
154939,210,167
154989,210,167
155039,210,167
155089,210,167
155139,210,167
155189,210,167
155239,210,167
155289,210,167
155339,210,167
155389,211,167
155439,212,167
155489,213,168
155539,212,167
155589,211,167
155639,209,166
155689,209,166
155739,209,166
155789,211,168
155844,212,168
155889,212,168
155939,213,168
155989,214,169
156039,213,168
156089,212,168
156139,211,168
156189,209,167
156239,209,167
156289,209,167
156339,210,164
156389,210,164
156439,205,164
156489,204,164
156539,204,164
156589,204,164
156639,204,164
156689,204,164
156739,204,164
156789,204,164
156839,204,164
156889,204,164
156939,204,164
156989,204,164
157039,204,164
157089,204,164
157139,204,164
157189,204,164
157239,204,164
157289,204,164
157339,204,164
157389,204,164
157439,204,164
157489,204,164
157539,204,164
157589,204,164
157639,204,164
157689,204,164
157739,204,164
157789,204,164
157839,204,164
157894,204,164
157939,204,164
157989,204,164
158039,204,164
158089,204,164
158139,204,164
158189,204,164
158239,204,164
158289,204,164
158339,204,164
158389,204,164
158439,204,164
158489,204,164
158539,204,164
158589,204,164
158639,204,164
158689,204,164
158739,204,164
158789,204,164
158839,204,164
158889,204,164
158939,204,164
158989,204,164
159039,204,164
159089,204,164
159139,204,164
159189,204,164
159239,204,164
159289,204,165
159339,204,165
159389,204,166
159439,204,167
159489,205,168
159539,204,169
159589,205,170
159639,204,171
159689,205,172
159739,205,173
159789,205,174
159839,205,174
159889,205,174
159944,205,175
159989,205,175
160039,205,175
160089,205,177
160139,205,178
160189,205,179
160239,205,180
160289,206,182
160339,206,182
160389,206,183
160439,206,183
160489,207,183
160539,207,183
160589,207,183
160639,208,182
160689,208,182
160739,209,181
160789,210,181
160839,210,179
160889,211,179
160939,212,177
160989,213,176
161039,212,176
161089,213,176
161139,213,174
161189,214,174
161239,214,173
161289,216,173
161339,216,172
161389,217,172
161439,217,171
161489,218,171
161539,219,170
161589,220,170
161639,220,169
161689,222,169
161739,223,168
161789,226,168
161839,228,167
161889,230,167
161939,230,167
161994,230,167
162039,229,167
162089,230,167
162139,229,167
162189,229,167
162239,227,167
162289,226,167
162339,225,167
162389,225,167
162439,224,167
162489,225,167
162539,224,167
162589,212,165
162639,212,164
162689,212,165
162739,212,164
162789,212,165
162839,212,165
162889,212,165
162939,213,165
162989,213,165
163039,214,165
163089,222,166
163139,226,167
163189,226,167
163239,223,167
163289,218,167
163339,210,167
163389,207,167
163439,206,167
163489,206,167
163539,206,167
163589,208,167
163639,212,167
163689,216,167
163739,218,167
163789,219,167
163839,220,167
163889,221,167
163939,221,167
163989,221,168
164044,220,168
164089,220,168
164139,220,167
164189,224,168
164239,231,170
164289,232,170
164339,230,169
164389,231,170
164439,230,169
164489,231,169
164539,231,169
164589,231,168
164639,231,167
164689,231,166
164739,224,164
164789,210,164
164839,205,164
164889,205,164
164939,205,164
164989,205,164
165039,204,164
165089,205,164
165139,204,164
165189,205,164
165239,204,164
165289,205,164
165339,204,164
165389,204,164
165439,204,164
165489,205,164
165539,204,164
165589,205,164
165639,204,164
165689,205,164
165739,204,164
165789,205,164
165839,204,164
165889,205,164
165939,204,164
165989,205,164
166039,204,164
166094,204,164
166139,204,164
166189,205,164
166239,204,164
166289,204,164
166339,204,164
166389,205,164
166439,204,164
166489,205,164
166539,204,164
166589,205,164
166639,204,164
166689,205,164
166739,205,164
166789,206,165
166839,205,164
166889,206,165
166939,205,165
166989,205,165
167039,205,164
167089,205,164
167139,204,164
167189,205,164
167239,204,164
167289,205,164
167339,205,164
167389,205,164
167439,205,164
167489,205,164
167539,204,164
167589,205,164
167639,204,164
167689,205,164
167739,204,164
167789,205,164
167839,204,164
167889,205,164
167939,204,164
167989,205,164
168039,204,164
168089,205,164
168144,204,164
168189,204,164
168239,204,164
168289,204,164
168339,204,164
168389,204,164
168439,204,164
168489,204,164
168539,204,164
168589,204,164
168639,204,164
168689,205,164
168739,204,164
168789,204,164
168839,204,164
168889,204,164
168939,204,164
168989,204,164
169039,204,164
169089,204,164
169139,204,164
169189,204,164
169239,204,164
169289,204,164
169339,204,164
169389,205,164
169439,204,164
169489,204,164
169539,204,163
169589,204,164
169639,204,163
169689,205,164
169739,204,164
169789,204,164
169839,204,164
169889,204,164
169939,204,163
169989,205,164
170039,204,164
170089,204,164
170139,204,164
170194,204,164
170239,204,164
170289,204,164
170339,204,164
170389,204,164
170439,204,164
170489,204,164
170539,204,164
170589,204,164
170639,204,164
170689,204,164
170739,204,163
170789,204,164
170839,204,164
170889,204,164
170939,204,164
170989,204,164
171039,204,164
171089,204,164
171139,204,164
171189,204,164
171239,204,164
171289,204,164
171339,204,164
171389,204,164
171439,203,164
171489,204,164
171539,204,164
171589,204,164
171639,204,164
171689,204,164
171739,204,164
171789,204,164
171839,204,164
171889,204,164
171939,203,164
171989,204,164
172039,204,164
172089,204,164
172139,204,164
172189,204,164
172244,204,164
172289,204,164
172339,204,164
172389,204,164
172439,204,164
172489,204,164
172539,204,164
172589,204,164
172639,204,164
172689,204,164
172739,204,164
172789,204,164
172839,204,164
172889,204,164
172939,204,164
172989,204,164
173039,204,164
173089,204,164
173139,204,164
173189,204,164
173239,204,164
173289,204,164
173339,204,164
173389,204,164
173439,204,164
173489,204,164
173539,204,164
173589,204,164
173639,204,164
173689,204,164
173739,204,164
173789,204,164
173839,204,164
173889,204,164
173939,204,164
173989,204,164
174039,204,164
174089,204,164
174139,204,164
174189,204,164
174239,204,164
174294,204,164
174339,204,164
174389,204,164
174439,204,164
174489,204,164
174539,204,164
174589,204,164
174639,204,164
174689,204,164
174739,204,164
174789,204,164
174839,203,164
174889,204,164
174939,204,164
174989,204,164
175039,204,164
175089,204,164
175139,204,164
175189,204,164
175239,204,164
175289,204,164
175339,204,164
175389,204,164
175439,204,164
175489,204,164
175539,204,164
175589,204,164
175639,204,164
175689,204,164
175739,204,164
175789,204,164
175839,204,164
175889,204,164
175939,204,164
175989,204,164
176039,204,164
176089,204,164
176139,204,164
176189,204,164
176239,204,164
176289,204,164
176344,203,164
176389,204,164
176439,204,164
176489,204,164
176539,204,164
176589,204,164
176639,204,164
176689,204,164
176739,204,164
176789,204,164
176839,204,164
176889,203,164
176939,204,164
176989,204,164
177039,204,164
177089,204,164
177139,204,164
177189,204,164
177239,204,164
177289,204,164
177339,204,164
177389,204,164
177439,204,164
177489,204,164
177539,204,164
177589,204,164
177639,204,164
177689,204,164
177739,204,164
177789,204,164
177839,204,164
177889,203,164
177939,204,164
177989,203,164
178039,204,164
178089,203,164
178139,204,164
178189,204,164
178239,204,164
178289,204,164
178339,204,164
178394,204,164
178439,204,164
178489,203,164
178539,204,164
178589,203,164
178639,204,164
178689,204,164
178739,204,164
178789,203,164
178839,204,164
178889,204,164
178939,204,164
178989,204,164
179039,204,164
179089,204,164
179139,204,164
179189,204,164
179239,204,164
179289,203,164
179339,204,164
179389,204,164
179439,204,164
179489,203,164
179539,204,164
179589,203,164
179639,204,164
179689,203,164
179739,204,164
179789,203,164
179839,204,164
179889,203,164
179939,204,164
179989,203,164
180039,204,164
180089,203,164
180139,204,164
180189,203,164
180239,204,164
180289,203,164
180339,204,164
180389,203,164
180444,204,164
180489,203,164
180539,204,164
180589,203,164
180639,204,164
180689,203,164
180739,204,164
180789,203,164
180839,204,164
180889,203,164
180939,204,164
180989,203,164
181039,204,164
181089,203,164
181139,204,164
181189,203,164
181239,204,164
181289,203,164
181339,204,164
181389,203,164
181439,204,164
181489,203,164
181539,204,164
181589,203,164
181639,204,164
181689,203,164
181739,204,164
181789,203,164
181839,204,164
181889,203,164
181939,204,164
181989,203,164
182039,204,164
182089,203,164
182139,204,164
182189,203,164
182239,204,164
182289,203,164
182339,204,164
182389,203,164
182439,204,164
182494,203,164
182539,204,164
182589,203,164
182639,204,164
182689,203,164
182739,204,164
182789,203,164
182839,204,164
182889,203,164
182939,204,164
182989,203,164
183039,204,164
183089,203,164
183139,204,164
183189,203,164
183239,204,164
183289,203,164
183339,204,164
183389,203,164
183439,204,164
183489,203,164
183539,204,164
183589,203,164
183639,204,164
183689,203,164
183739,203,164
183789,203,164
183839,204,164
183889,203,164
183939,203,164
183989,203,164
184039,203,164
184089,203,164
184139,203,164
184189,203,164
184239,203,164
184289,203,164
184339,203,164
184389,203,164
184439,203,164
184489,203,164
184544,203,164
184589,203,163
184639,203,164
184689,203,164
184739,203,164
184789,203,164
184839,203,164
184889,203,164
184939,203,164
184989,203,164
185039,203,164
185089,203,164
185139,203,164
185189,203,164
185239,203,164
185289,203,164
185339,203,164
185389,203,164
185439,203,164
185489,203,164
185539,203,164
185589,203,164
185639,203,164
185689,203,164
185739,203,164
185789,203,164
185839,203,164
185889,203,164
185939,203,164
185989,203,164
186039,203,164
186089,203,164
186139,203,164
186189,203,164
186239,203,164
186289,203,164
186339,203,164
186389,203,164
186439,203,164
186489,203,164
186539,203,164
186594,203,164
186639,203,164
186689,203,164
186739,203,164
186789,203,164
186839,203,164
186889,203,164
186939,203,164
186989,203,164
187039,203,164
187089,203,164
187139,203,164
187189,203,164
187239,203,164
187289,203,164
187339,203,164
187389,203,164
187439,203,164
187489,203,164
187539,203,164
187589,203,164
187639,203,164
187689,203,164
187739,203,164
187789,203,164
187839,203,164
187889,203,164
187939,203,164
187989,203,164
188039,203,164
188089,203,164
188139,203,164
188189,203,164
188239,203,164
188289,203,164
188339,203,164
188389,203,164
188439,203,164
188489,203,164
188539,203,164
188589,203,164
188644,203,164
188689,203,164
188739,203,164
188789,203,164
188839,203,164
188889,203,164
188939,203,164
188989,203,164
189039,203,164
189089,203,164
189139,203,164
189189,203,164
189239,203,164
189289,203,164
189339,203,164
189389,203,164
189439,203,164
189489,203,164
189539,203,164
189589,203,164
189639,203,164
189689,203,164
189739,203,164
189789,203,164
189839,203,164
189889,203,164
189939,203,164
189989,203,164
190039,203,164
190089,203,164
190139,203,164
190189,203,164
190239,203,164
190289,203,164
190339,203,164
190389,203,164
190439,203,164
190489,203,164
190539,203,164
190589,203,164
190639,203,164
190694,203,164
190739,203,164
190789,203,164
190839,203,164
190889,203,164
190939,203,164
190989,203,164
191039,203,164
191089,203,164
191139,203,164
191189,203,164
191239,203,164
191289,203,164
191339,203,164
191389,203,164
191439,203,164
191489,203,164
191539,203,164
191589,203,164
191639,203,164
191689,203,164
191739,203,164
191789,203,164
191839,203,164
191889,203,164
191939,203,164
191989,203,164
192039,203,164
192089,203,164
192139,203,164
192189,203,164
192239,203,164
192289,203,164
192339,203,164
192389,203,164
192439,203,164
192489,203,164
192539,202,164
192589,203,164
192639,203,164
192689,203,164
192744,203,164
192789,203,164
192839,203,164
192889,203,164
192939,203,164
192989,203,164
193039,203,164
193089,203,164
193139,203,164
193189,203,164
193239,203,164
193289,203,164
193339,203,164
193389,203,164
193439,203,164
193489,203,164
193539,203,164
193589,203,164
193639,203,164
193689,203,164
193739,203,164
193789,203,164
193839,203,164
193889,203,164
193939,203,164
193989,203,164
194039,203,164
194089,203,164
194139,203,164
194189,203,164
194239,203,164
194289,203,164
194339,203,164
194389,203,164
194439,203,164
194489,203,164
194539,203,164
194589,203,164
194639,203,164
194689,203,164
194739,203,164
194794,203,164
194839,203,164
194889,203,164
194939,203,164
194989,203,164
195039,203,164
195089,203,164
195139,203,164
195189,203,164
195239,203,164
195289,203,164
195339,203,164
195389,203,164
195439,203,164
195489,203,164
195539,203,164
195589,203,164
195639,203,164
195689,203,164
195739,203,163
195789,203,164
195839,203,164
195889,203,164
195939,203,164
195989,203,164
196039,203,164
196089,203,164
196139,203,164
196189,203,164
196239,203,164
196289,203,164
196339,203,164
196389,203,164
196439,203,164
196489,203,164
196539,202,164
196589,203,164
196639,203,164
196689,203,164
196739,202,164
196789,203,164
196844,203,164
196889,203,164
196939,203,164
196989,203,164
197039,202,164
197089,203,164
197139,203,164
197189,203,164
197239,203,164
197289,203,164
197339,203,164
197389,203,164
197439,203,164
197489,203,164
197539,203,164
197589,203,164
197639,203,164
197689,203,164
197739,203,164
197789,203,164
197839,202,164
197889,203,164
197939,203,164
197989,203,164
198039,203,164
198089,203,164
198139,203,164
198189,203,164
198239,202,163
198289,203,164
198339,202,163
198389,203,164
198439,202,163
198489,203,164
198539,202,163
198589,202,164
198639,202,163
198689,202,163
198739,202,163
198789,202,164
198839,202,163
198894,203,163
198939,202,163
198989,203,164
199039,203,164
199089,203,164
199139,203,164
199189,203,164
199239,203,164
199289,203,164
199339,203,164
199389,203,164
199439,203,164
199489,204,164
199539,203,164
199589,204,164
199639,203,164
199689,203,164
199739,203,164
199789,203,164
199839,203,164
199889,203,164
199939,203,164
199989,203,164
200039,203,164
200089,203,164
200139,203,164
200189,203,164
200239,203,164
200289,203,164
200339,203,164
200389,203,164
